,Test Date,County,New Positives,Cumulative Number of Positives,Total Number of Tests Performed,Cumulative Number of Tests Performed,geo_id,total_pop,pc_white,pc_black,pc_hispanic,pc_income_below_poverty_line,percent_income_spent_on_rent,pc_pub_trans_commuters,pc_emp_education_health_social,pc_emp_arts_entertainment_recreation_accommodation_food,pc_emp_transportation_warehousing_utilities,HPSA_Score
0,2020-03-02,Bronx,0,0,0,0,36005.0,1437872.0,0.09310564500873512,0.292985050129636,0.5589064951539497,0.2834243938264324,35.7,0.5812741225235328,0.3247909451244592,0.1231749144222262,0.07547464396456349,18.584615384615386
1,2020-03-03,Bronx,0,0,1,1,36005.0,1437872.0,0.09310564500873512,0.292985050129636,0.5589064951539497,0.2834243938264324,35.7,0.5812741225235328,0.3247909451244592,0.1231749144222262,0.07547464396456349,18.584615384615386
2,2020-03-04,Bronx,0,0,0,1,36005.0,1437872.0,0.09310564500873512,0.292985050129636,0.5589064951539497,0.2834243938264324,35.7,0.5812741225235328,0.3247909451244592,0.1231749144222262,0.07547464396456349,18.584615384615386
3,2020-03-05,Bronx,0,0,5,6,36005.0,1437872.0,0.09310564500873512,0.292985050129636,0.5589064951539497,0.2834243938264324,35.7,0.5812741225235328,0.3247909451244592,0.1231749144222262,0.07547464396456349,18.584615384615386
4,2020-03-06,Bronx,0,0,6,12,36005.0,1437872.0,0.09310564500873512,0.292985050129636,0.5589064951539497,0.2834243938264324,35.7,0.5812741225235328,0.3247909451244592,0.1231749144222262,0.07547464396456349,18.584615384615386
5,2020-03-07,Bronx,0,0,17,29,36005.0,1437872.0,0.09310564500873512,0.292985050129636,0.5589064951539497,0.2834243938264324,35.7,0.5812741225235328,0.3247909451244592,0.1231749144222262,0.07547464396456349,18.584615384615386
6,2020-03-08,Bronx,1,1,16,45,36005.0,1437872.0,0.09310564500873512,0.292985050129636,0.5589064951539497,0.2834243938264324,35.7,0.5812741225235328,0.3247909451244592,0.1231749144222262,0.07547464396456349,18.584615384615386
7,2020-03-09,Bronx,4,5,31,76,36005.0,1437872.0,0.09310564500873512,0.292985050129636,0.5589064951539497,0.2834243938264324,35.7,0.5812741225235328,0.3247909451244592,0.1231749144222262,0.07547464396456349,18.584615384615386
8,2020-03-10,Bronx,0,5,47,123,36005.0,1437872.0,0.09310564500873512,0.292985050129636,0.5589064951539497,0.2834243938264324,35.7,0.5812741225235328,0.3247909451244592,0.1231749144222262,0.07547464396456349,18.584615384615386
9,2020-03-11,Bronx,2,7,31,154,36005.0,1437872.0,0.09310564500873512,0.292985050129636,0.5589064951539497,0.2834243938264324,35.7,0.5812741225235328,0.3247909451244592,0.1231749144222262,0.07547464396456349,18.584615384615386
10,2020-03-12,Bronx,3,10,36,190,36005.0,1437872.0,0.09310564500873512,0.292985050129636,0.5589064951539497,0.2834243938264324,35.7,0.5812741225235328,0.3247909451244592,0.1231749144222262,0.07547464396456349,18.584615384615386
11,2020-03-13,Bronx,10,20,99,289,36005.0,1437872.0,0.09310564500873512,0.292985050129636,0.5589064951539497,0.2834243938264324,35.7,0.5812741225235328,0.3247909451244592,0.1231749144222262,0.07547464396456349,18.584615384615386
12,2020-03-14,Bronx,8,28,80,369,36005.0,1437872.0,0.09310564500873512,0.292985050129636,0.5589064951539497,0.2834243938264324,35.7,0.5812741225235328,0.3247909451244592,0.1231749144222262,0.07547464396456349,18.584615384615386
13,2020-03-15,Bronx,29,57,116,485,36005.0,1437872.0,0.09310564500873512,0.292985050129636,0.5589064951539497,0.2834243938264324,35.7,0.5812741225235328,0.3247909451244592,0.1231749144222262,0.07547464396456349,18.584615384615386
14,2020-03-16,Bronx,29,86,151,636,36005.0,1437872.0,0.09310564500873512,0.292985050129636,0.5589064951539497,0.2834243938264324,35.7,0.5812741225235328,0.3247909451244592,0.1231749144222262,0.07547464396456349,18.584615384615386
15,2020-03-17,Bronx,123,209,433,1069,36005.0,1437872.0,0.09310564500873512,0.292985050129636,0.5589064951539497,0.2834243938264324,35.7,0.5812741225235328,0.3247909451244592,0.1231749144222262,0.07547464396456349,18.584615384615386
16,2020-03-18,Bronx,154,363,597,1666,36005.0,1437872.0,0.09310564500873512,0.292985050129636,0.5589064951539497,0.2834243938264324,35.7,0.5812741225235328,0.3247909451244592,0.1231749144222262,0.07547464396456349,18.584615384615386
17,2020-03-19,Bronx,191,554,605,2271,36005.0,1437872.0,0.09310564500873512,0.292985050129636,0.5589064951539497,0.2834243938264324,35.7,0.5812741225235328,0.3247909451244592,0.1231749144222262,0.07547464396456349,18.584615384615386
18,2020-03-20,Bronx,297,851,884,3155,36005.0,1437872.0,0.09310564500873512,0.292985050129636,0.5589064951539497,0.2834243938264324,35.7,0.5812741225235328,0.3247909451244592,0.1231749144222262,0.07547464396456349,18.584615384615386
19,2020-03-21,Bronx,367,1218,1044,4199,36005.0,1437872.0,0.09310564500873512,0.292985050129636,0.5589064951539497,0.2834243938264324,35.7,0.5812741225235328,0.3247909451244592,0.1231749144222262,0.07547464396456349,18.584615384615386
20,2020-03-22,Bronx,606,1824,1276,5475,36005.0,1437872.0,0.09310564500873512,0.292985050129636,0.5589064951539497,0.2834243938264324,35.7,0.5812741225235328,0.3247909451244592,0.1231749144222262,0.07547464396456349,18.584615384615386
21,2020-03-23,Bronx,455,2279,970,6445,36005.0,1437872.0,0.09310564500873512,0.292985050129636,0.5589064951539497,0.2834243938264324,35.7,0.5812741225235328,0.3247909451244592,0.1231749144222262,0.07547464396456349,18.584615384615386
22,2020-03-24,Bronx,611,2890,1188,7633,36005.0,1437872.0,0.09310564500873512,0.292985050129636,0.5589064951539497,0.2834243938264324,35.7,0.5812741225235328,0.3247909451244592,0.1231749144222262,0.07547464396456349,18.584615384615386
23,2020-03-25,Bronx,838,3728,1770,9403,36005.0,1437872.0,0.09310564500873512,0.292985050129636,0.5589064951539497,0.2834243938264324,35.7,0.5812741225235328,0.3247909451244592,0.1231749144222262,0.07547464396456349,18.584615384615386
24,2020-03-26,Bronx,829,4557,1428,10831,36005.0,1437872.0,0.09310564500873512,0.292985050129636,0.5589064951539497,0.2834243938264324,35.7,0.5812741225235328,0.3247909451244592,0.1231749144222262,0.07547464396456349,18.584615384615386
25,2020-03-27,Bronx,846,5403,1478,12309,36005.0,1437872.0,0.09310564500873512,0.292985050129636,0.5589064951539497,0.2834243938264324,35.7,0.5812741225235328,0.3247909451244592,0.1231749144222262,0.07547464396456349,18.584615384615386
26,2020-03-28,Bronx,901,6304,1529,13838,36005.0,1437872.0,0.09310564500873512,0.292985050129636,0.5589064951539497,0.2834243938264324,35.7,0.5812741225235328,0.3247909451244592,0.1231749144222262,0.07547464396456349,18.584615384615386
27,2020-03-29,Bronx,658,6962,1160,14998,36005.0,1437872.0,0.09310564500873512,0.292985050129636,0.5589064951539497,0.2834243938264324,35.7,0.5812741225235328,0.3247909451244592,0.1231749144222262,0.07547464396456349,18.584615384615386
28,2020-03-30,Bronx,804,7766,1341,16339,36005.0,1437872.0,0.09310564500873512,0.292985050129636,0.5589064951539497,0.2834243938264324,35.7,0.5812741225235328,0.3247909451244592,0.1231749144222262,0.07547464396456349,18.584615384615386
29,2020-03-31,Bronx,1095,8861,1818,18157,36005.0,1437872.0,0.09310564500873512,0.292985050129636,0.5589064951539497,0.2834243938264324,35.7,0.5812741225235328,0.3247909451244592,0.1231749144222262,0.07547464396456349,18.584615384615386
30,2020-04-01,Bronx,1066,9927,1754,19911,36005.0,1437872.0,0.09310564500873512,0.292985050129636,0.5589064951539497,0.2834243938264324,35.7,0.5812741225235328,0.3247909451244592,0.1231749144222262,0.07547464396456349,18.584615384615386
31,2020-04-02,Bronx,1159,11086,1946,21857,36005.0,1437872.0,0.09310564500873512,0.292985050129636,0.5589064951539497,0.2834243938264324,35.7,0.5812741225235328,0.3247909451244592,0.1231749144222262,0.07547464396456349,18.584615384615386
32,2020-04-03,Bronx,1229,12315,2108,23965,36005.0,1437872.0,0.09310564500873512,0.292985050129636,0.5589064951539497,0.2834243938264324,35.7,0.5812741225235328,0.3247909451244592,0.1231749144222262,0.07547464396456349,18.584615384615386
33,2020-04-04,Bronx,1053,13368,1778,25743,36005.0,1437872.0,0.09310564500873512,0.292985050129636,0.5589064951539497,0.2834243938264324,35.7,0.5812741225235328,0.3247909451244592,0.1231749144222262,0.07547464396456349,18.584615384615386
34,2020-04-05,Bronx,959,14327,1628,27371,36005.0,1437872.0,0.09310564500873512,0.292985050129636,0.5589064951539497,0.2834243938264324,35.7,0.5812741225235328,0.3247909451244592,0.1231749144222262,0.07547464396456349,18.584615384615386
35,2020-04-06,Bronx,1021,15348,1996,29367,36005.0,1437872.0,0.09310564500873512,0.292985050129636,0.5589064951539497,0.2834243938264324,35.7,0.5812741225235328,0.3247909451244592,0.1231749144222262,0.07547464396456349,18.584615384615386
36,2020-04-07,Bronx,1278,16626,2562,31929,36005.0,1437872.0,0.09310564500873512,0.292985050129636,0.5589064951539497,0.2834243938264324,35.7,0.5812741225235328,0.3247909451244592,0.1231749144222262,0.07547464396456349,18.584615384615386
37,2020-04-08,Bronx,1166,17792,2348,34277,36005.0,1437872.0,0.09310564500873512,0.292985050129636,0.5589064951539497,0.2834243938264324,35.7,0.5812741225235328,0.3247909451244592,0.1231749144222262,0.07547464396456349,18.584615384615386
38,2020-04-09,Bronx,1368,19160,2637,36914,36005.0,1437872.0,0.09310564500873512,0.292985050129636,0.5589064951539497,0.2834243938264324,35.7,0.5812741225235328,0.3247909451244592,0.1231749144222262,0.07547464396456349,18.584615384615386
39,2020-04-10,Bronx,1317,20477,2580,39494,36005.0,1437872.0,0.09310564500873512,0.292985050129636,0.5589064951539497,0.2834243938264324,35.7,0.5812741225235328,0.3247909451244592,0.1231749144222262,0.07547464396456349,18.584615384615386
40,2020-04-11,Bronx,964,21441,2081,41575,36005.0,1437872.0,0.09310564500873512,0.292985050129636,0.5589064951539497,0.2834243938264324,35.7,0.5812741225235328,0.3247909451244592,0.1231749144222262,0.07547464396456349,18.584615384615386
41,2020-04-12,Bronx,764,22205,1623,43198,36005.0,1437872.0,0.09310564500873512,0.292985050129636,0.5589064951539497,0.2834243938264324,35.7,0.5812741225235328,0.3247909451244592,0.1231749144222262,0.07547464396456349,18.584615384615386
42,2020-04-13,Bronx,1061,23266,2294,45492,36005.0,1437872.0,0.09310564500873512,0.292985050129636,0.5589064951539497,0.2834243938264324,35.7,0.5812741225235328,0.3247909451244592,0.1231749144222262,0.07547464396456349,18.584615384615386
43,2020-04-14,Bronx,1387,24653,2622,48114,36005.0,1437872.0,0.09310564500873512,0.292985050129636,0.5589064951539497,0.2834243938264324,35.7,0.5812741225235328,0.3247909451244592,0.1231749144222262,0.07547464396456349,18.584615384615386
44,2020-04-15,Bronx,1279,25932,2939,51053,36005.0,1437872.0,0.09310564500873512,0.292985050129636,0.5589064951539497,0.2834243938264324,35.7,0.5812741225235328,0.3247909451244592,0.1231749144222262,0.07547464396456349,18.584615384615386
45,2020-04-16,Bronx,1103,27035,2793,53846,36005.0,1437872.0,0.09310564500873512,0.292985050129636,0.5589064951539497,0.2834243938264324,35.7,0.5812741225235328,0.3247909451244592,0.1231749144222262,0.07547464396456349,18.584615384615386
46,2020-04-17,Bronx,984,28019,2597,56443,36005.0,1437872.0,0.09310564500873512,0.292985050129636,0.5589064951539497,0.2834243938264324,35.7,0.5812741225235328,0.3247909451244592,0.1231749144222262,0.07547464396456349,18.584615384615386
47,2020-04-18,Bronx,804,28823,2162,58605,36005.0,1437872.0,0.09310564500873512,0.292985050129636,0.5589064951539497,0.2834243938264324,35.7,0.5812741225235328,0.3247909451244592,0.1231749144222262,0.07547464396456349,18.584615384615386
48,2020-04-19,Bronx,549,29372,1707,60312,36005.0,1437872.0,0.09310564500873512,0.292985050129636,0.5589064951539497,0.2834243938264324,35.7,0.5812741225235328,0.3247909451244592,0.1231749144222262,0.07547464396456349,18.584615384615386
49,2020-04-20,Bronx,617,29989,2050,62362,36005.0,1437872.0,0.09310564500873512,0.292985050129636,0.5589064951539497,0.2834243938264324,35.7,0.5812741225235328,0.3247909451244592,0.1231749144222262,0.07547464396456349,18.584615384615386
50,2020-04-21,Bronx,879,30868,2942,65304,36005.0,1437872.0,0.09310564500873512,0.292985050129636,0.5589064951539497,0.2834243938264324,35.7,0.5812741225235328,0.3247909451244592,0.1231749144222262,0.07547464396456349,18.584615384615386
51,2020-04-22,Bronx,791,31659,3084,68388,36005.0,1437872.0,0.09310564500873512,0.292985050129636,0.5589064951539497,0.2834243938264324,35.7,0.5812741225235328,0.3247909451244592,0.1231749144222262,0.07547464396456349,18.584615384615386
52,2020-04-23,Bronx,1042,32701,3691,72079,36005.0,1437872.0,0.09310564500873512,0.292985050129636,0.5589064951539497,0.2834243938264324,35.7,0.5812741225235328,0.3247909451244592,0.1231749144222262,0.07547464396456349,18.584615384615386
53,2020-04-24,Bronx,1482,34183,4800,76879,36005.0,1437872.0,0.09310564500873512,0.292985050129636,0.5589064951539497,0.2834243938264324,35.7,0.5812741225235328,0.3247909451244592,0.1231749144222262,0.07547464396456349,18.584615384615386
54,2020-04-25,Bronx,787,34970,2967,79846,36005.0,1437872.0,0.09310564500873512,0.292985050129636,0.5589064951539497,0.2834243938264324,35.7,0.5812741225235328,0.3247909451244592,0.1231749144222262,0.07547464396456349,18.584615384615386
55,2020-04-26,Bronx,586,35556,2363,82209,36005.0,1437872.0,0.09310564500873512,0.292985050129636,0.5589064951539497,0.2834243938264324,35.7,0.5812741225235328,0.3247909451244592,0.1231749144222262,0.07547464396456349,18.584615384615386
56,2020-04-27,Bronx,438,35994,2107,84316,36005.0,1437872.0,0.09310564500873512,0.292985050129636,0.5589064951539497,0.2834243938264324,35.7,0.5812741225235328,0.3247909451244592,0.1231749144222262,0.07547464396456349,18.584615384615386
57,2020-04-28,Bronx,606,36600,2938,87254,36005.0,1437872.0,0.09310564500873512,0.292985050129636,0.5589064951539497,0.2834243938264324,35.7,0.5812741225235328,0.3247909451244592,0.1231749144222262,0.07547464396456349,18.584615384615386
58,2020-04-29,Bronx,644,37244,2977,90231,36005.0,1437872.0,0.09310564500873512,0.292985050129636,0.5589064951539497,0.2834243938264324,35.7,0.5812741225235328,0.3247909451244592,0.1231749144222262,0.07547464396456349,18.584615384615386
59,2020-04-30,Bronx,541,37785,2824,93055,36005.0,1437872.0,0.09310564500873512,0.292985050129636,0.5589064951539497,0.2834243938264324,35.7,0.5812741225235328,0.3247909451244592,0.1231749144222262,0.07547464396456349,18.584615384615386
60,2020-05-01,Bronx,665,38450,3694,96749,36005.0,1437872.0,0.09310564500873512,0.292985050129636,0.5589064951539497,0.2834243938264324,35.7,0.5812741225235328,0.3247909451244592,0.1231749144222262,0.07547464396456349,18.584615384615386
61,2020-05-02,Bronx,466,38916,2857,99606,36005.0,1437872.0,0.09310564500873512,0.292985050129636,0.5589064951539497,0.2834243938264324,35.7,0.5812741225235328,0.3247909451244592,0.1231749144222262,0.07547464396456349,18.584615384615386
62,2020-05-03,Bronx,307,39223,1869,101475,36005.0,1437872.0,0.09310564500873512,0.292985050129636,0.5589064951539497,0.2834243938264324,35.7,0.5812741225235328,0.3247909451244592,0.1231749144222262,0.07547464396456349,18.584615384615386
63,2020-05-04,Bronx,253,39476,2001,103476,36005.0,1437872.0,0.09310564500873512,0.292985050129636,0.5589064951539497,0.2834243938264324,35.7,0.5812741225235328,0.3247909451244592,0.1231749144222262,0.07547464396456349,18.584615384615386
64,2020-05-05,Bronx,363,39839,2657,106133,36005.0,1437872.0,0.09310564500873512,0.292985050129636,0.5589064951539497,0.2834243938264324,35.7,0.5812741225235328,0.3247909451244592,0.1231749144222262,0.07547464396456349,18.584615384615386
65,2020-05-06,Bronx,342,40181,2786,108919,36005.0,1437872.0,0.09310564500873512,0.292985050129636,0.5589064951539497,0.2834243938264324,35.7,0.5812741225235328,0.3247909451244592,0.1231749144222262,0.07547464396456349,18.584615384615386
66,2020-05-07,Bronx,352,40533,3078,111997,36005.0,1437872.0,0.09310564500873512,0.292985050129636,0.5589064951539497,0.2834243938264324,35.7,0.5812741225235328,0.3247909451244592,0.1231749144222262,0.07547464396456349,18.584615384615386
67,2020-05-08,Bronx,271,40804,2873,114870,36005.0,1437872.0,0.09310564500873512,0.292985050129636,0.5589064951539497,0.2834243938264324,35.7,0.5812741225235328,0.3247909451244592,0.1231749144222262,0.07547464396456349,18.584615384615386
68,2020-05-09,Bronx,255,41059,2935,117805,36005.0,1437872.0,0.09310564500873512,0.292985050129636,0.5589064951539497,0.2834243938264324,35.7,0.5812741225235328,0.3247909451244592,0.1231749144222262,0.07547464396456349,18.584615384615386
69,2020-05-10,Bronx,237,41296,2140,119945,36005.0,1437872.0,0.09310564500873512,0.292985050129636,0.5589064951539497,0.2834243938264324,35.7,0.5812741225235328,0.3247909451244592,0.1231749144222262,0.07547464396456349,18.584615384615386
70,2020-05-11,Bronx,145,41441,1510,121455,36005.0,1437872.0,0.09310564500873512,0.292985050129636,0.5589064951539497,0.2834243938264324,35.7,0.5812741225235328,0.3247909451244592,0.1231749144222262,0.07547464396456349,18.584615384615386
71,2020-03-02,Kings,0,0,0,0,36047.0,2600747.0,0.3617264578215413,0.3028764428066244,0.19197522865545935,0.20940983494357585,32.5,0.5993122671695039,0.2843636459202513,0.1023000532183991,0.0649831146560843,14.748275862068976
72,2020-03-03,Kings,0,0,2,2,36047.0,2600747.0,0.3617264578215413,0.3028764428066244,0.19197522865545935,0.20940983494357585,32.5,0.5993122671695039,0.2843636459202513,0.1023000532183991,0.0649831146560843,14.748275862068976
73,2020-03-04,Kings,1,1,4,6,36047.0,2600747.0,0.3617264578215413,0.3028764428066244,0.19197522865545935,0.20940983494357585,32.5,0.5993122671695039,0.2843636459202513,0.1023000532183991,0.0649831146560843,14.748275862068976
74,2020-03-05,Kings,0,1,7,13,36047.0,2600747.0,0.3617264578215413,0.3028764428066244,0.19197522865545935,0.20940983494357585,32.5,0.5993122671695039,0.2843636459202513,0.1023000532183991,0.0649831146560843,14.748275862068976
75,2020-03-06,Kings,3,4,12,25,36047.0,2600747.0,0.3617264578215413,0.3028764428066244,0.19197522865545935,0.20940983494357585,32.5,0.5993122671695039,0.2843636459202513,0.1023000532183991,0.0649831146560843,14.748275862068976
76,2020-03-07,Kings,0,4,9,34,36047.0,2600747.0,0.3617264578215413,0.3028764428066244,0.19197522865545935,0.20940983494357585,32.5,0.5993122671695039,0.2843636459202513,0.1023000532183991,0.0649831146560843,14.748275862068976
77,2020-03-08,Kings,2,6,10,44,36047.0,2600747.0,0.3617264578215413,0.3028764428066244,0.19197522865545935,0.20940983494357585,32.5,0.5993122671695039,0.2843636459202513,0.1023000532183991,0.0649831146560843,14.748275862068976
78,2020-03-09,Kings,1,7,31,75,36047.0,2600747.0,0.3617264578215413,0.3028764428066244,0.19197522865545935,0.20940983494357585,32.5,0.5993122671695039,0.2843636459202513,0.1023000532183991,0.0649831146560843,14.748275862068976
79,2020-03-10,Kings,7,14,29,104,36047.0,2600747.0,0.3617264578215413,0.3028764428066244,0.19197522865545935,0.20940983494357585,32.5,0.5993122671695039,0.2843636459202513,0.1023000532183991,0.0649831146560843,14.748275862068976
80,2020-03-11,Kings,2,16,24,128,36047.0,2600747.0,0.3617264578215413,0.3028764428066244,0.19197522865545935,0.20940983494357585,32.5,0.5993122671695039,0.2843636459202513,0.1023000532183991,0.0649831146560843,14.748275862068976
81,2020-03-12,Kings,8,24,59,187,36047.0,2600747.0,0.3617264578215413,0.3028764428066244,0.19197522865545935,0.20940983494357585,32.5,0.5993122671695039,0.2843636459202513,0.1023000532183991,0.0649831146560843,14.748275862068976
82,2020-03-13,Kings,17,41,136,323,36047.0,2600747.0,0.3617264578215413,0.3028764428066244,0.19197522865545935,0.20940983494357585,32.5,0.5993122671695039,0.2843636459202513,0.1023000532183991,0.0649831146560843,14.748275862068976
83,2020-03-14,Kings,17,58,99,422,36047.0,2600747.0,0.3617264578215413,0.3028764428066244,0.19197522865545935,0.20940983494357585,32.5,0.5993122671695039,0.2843636459202513,0.1023000532183991,0.0649831146560843,14.748275862068976
84,2020-03-15,Kings,26,84,166,588,36047.0,2600747.0,0.3617264578215413,0.3028764428066244,0.19197522865545935,0.20940983494357585,32.5,0.5993122671695039,0.2843636459202513,0.1023000532183991,0.0649831146560843,14.748275862068976
85,2020-03-16,Kings,39,123,171,759,36047.0,2600747.0,0.3617264578215413,0.3028764428066244,0.19197522865545935,0.20940983494357585,32.5,0.5993122671695039,0.2843636459202513,0.1023000532183991,0.0649831146560843,14.748275862068976
86,2020-03-17,Kings,264,387,741,1500,36047.0,2600747.0,0.3617264578215413,0.3028764428066244,0.19197522865545935,0.20940983494357585,32.5,0.5993122671695039,0.2843636459202513,0.1023000532183991,0.0649831146560843,14.748275862068976
87,2020-03-18,Kings,273,660,795,2295,36047.0,2600747.0,0.3617264578215413,0.3028764428066244,0.19197522865545935,0.20940983494357585,32.5,0.5993122671695039,0.2843636459202513,0.1023000532183991,0.0649831146560843,14.748275862068976
88,2020-03-19,Kings,674,1334,1553,3848,36047.0,2600747.0,0.3617264578215413,0.3028764428066244,0.19197522865545935,0.20940983494357585,32.5,0.5993122671695039,0.2843636459202513,0.1023000532183991,0.0649831146560843,14.748275862068976
89,2020-03-20,Kings,538,1872,1378,5226,36047.0,2600747.0,0.3617264578215413,0.3028764428066244,0.19197522865545935,0.20940983494357585,32.5,0.5993122671695039,0.2843636459202513,0.1023000532183991,0.0649831146560843,14.748275862068976
90,2020-03-21,Kings,893,2765,1941,7167,36047.0,2600747.0,0.3617264578215413,0.3028764428066244,0.19197522865545935,0.20940983494357585,32.5,0.5993122671695039,0.2843636459202513,0.1023000532183991,0.0649831146560843,14.748275862068976
91,2020-03-22,Kings,702,3467,1506,8673,36047.0,2600747.0,0.3617264578215413,0.3028764428066244,0.19197522865545935,0.20940983494357585,32.5,0.5993122671695039,0.2843636459202513,0.1023000532183991,0.0649831146560843,14.748275862068976
92,2020-03-23,Kings,700,4167,1422,10095,36047.0,2600747.0,0.3617264578215413,0.3028764428066244,0.19197522865545935,0.20940983494357585,32.5,0.5993122671695039,0.2843636459202513,0.1023000532183991,0.0649831146560843,14.748275862068976
93,2020-03-24,Kings,779,4946,1474,11569,36047.0,2600747.0,0.3617264578215413,0.3028764428066244,0.19197522865545935,0.20940983494357585,32.5,0.5993122671695039,0.2843636459202513,0.1023000532183991,0.0649831146560843,14.748275862068976
94,2020-03-25,Kings,755,5701,1550,13119,36047.0,2600747.0,0.3617264578215413,0.3028764428066244,0.19197522865545935,0.20940983494357585,32.5,0.5993122671695039,0.2843636459202513,0.1023000532183991,0.0649831146560843,14.748275862068976
95,2020-03-26,Kings,1106,6807,1905,15024,36047.0,2600747.0,0.3617264578215413,0.3028764428066244,0.19197522865545935,0.20940983494357585,32.5,0.5993122671695039,0.2843636459202513,0.1023000532183991,0.0649831146560843,14.748275862068976
96,2020-03-27,Kings,1238,8045,2254,17278,36047.0,2600747.0,0.3617264578215413,0.3028764428066244,0.19197522865545935,0.20940983494357585,32.5,0.5993122671695039,0.2843636459202513,0.1023000532183991,0.0649831146560843,14.748275862068976
97,2020-03-28,Kings,973,9018,1790,19068,36047.0,2600747.0,0.3617264578215413,0.3028764428066244,0.19197522865545935,0.20940983494357585,32.5,0.5993122671695039,0.2843636459202513,0.1023000532183991,0.0649831146560843,14.748275862068976
98,2020-03-29,Kings,1011,10029,1627,20695,36047.0,2600747.0,0.3617264578215413,0.3028764428066244,0.19197522865545935,0.20940983494357585,32.5,0.5993122671695039,0.2843636459202513,0.1023000532183991,0.0649831146560843,14.748275862068976
99,2020-03-30,Kings,1888,11917,3113,23808,36047.0,2600747.0,0.3617264578215413,0.3028764428066244,0.19197522865545935,0.20940983494357585,32.5,0.5993122671695039,0.2843636459202513,0.1023000532183991,0.0649831146560843,14.748275862068976
100,2020-03-31,Kings,1198,13115,2011,25819,36047.0,2600747.0,0.3617264578215413,0.3028764428066244,0.19197522865545935,0.20940983494357585,32.5,0.5993122671695039,0.2843636459202513,0.1023000532183991,0.0649831146560843,14.748275862068976
101,2020-04-01,Kings,1189,14304,2041,27860,36047.0,2600747.0,0.3617264578215413,0.3028764428066244,0.19197522865545935,0.20940983494357585,32.5,0.5993122671695039,0.2843636459202513,0.1023000532183991,0.0649831146560843,14.748275862068976
102,2020-04-02,Kings,1396,15700,2512,30372,36047.0,2600747.0,0.3617264578215413,0.3028764428066244,0.19197522865545935,0.20940983494357585,32.5,0.5993122671695039,0.2843636459202513,0.1023000532183991,0.0649831146560843,14.748275862068976
103,2020-04-03,Kings,1804,17504,3234,33606,36047.0,2600747.0,0.3617264578215413,0.3028764428066244,0.19197522865545935,0.20940983494357585,32.5,0.5993122671695039,0.2843636459202513,0.1023000532183991,0.0649831146560843,14.748275862068976
104,2020-04-04,Kings,1054,18558,1990,35596,36047.0,2600747.0,0.3617264578215413,0.3028764428066244,0.19197522865545935,0.20940983494357585,32.5,0.5993122671695039,0.2843636459202513,0.1023000532183991,0.0649831146560843,14.748275862068976
105,2020-04-05,Kings,1144,19702,2013,37609,36047.0,2600747.0,0.3617264578215413,0.3028764428066244,0.19197522865545935,0.20940983494357585,32.5,0.5993122671695039,0.2843636459202513,0.1023000532183991,0.0649831146560843,14.748275862068976
106,2020-04-06,Kings,1177,20879,2245,39854,36047.0,2600747.0,0.3617264578215413,0.3028764428066244,0.19197522865545935,0.20940983494357585,32.5,0.5993122671695039,0.2843636459202513,0.1023000532183991,0.0649831146560843,14.748275862068976
107,2020-04-07,Kings,1203,22082,2607,42461,36047.0,2600747.0,0.3617264578215413,0.3028764428066244,0.19197522865545935,0.20940983494357585,32.5,0.5993122671695039,0.2843636459202513,0.1023000532183991,0.0649831146560843,14.748275862068976
108,2020-04-08,Kings,1312,23394,2565,45026,36047.0,2600747.0,0.3617264578215413,0.3028764428066244,0.19197522865545935,0.20940983494357585,32.5,0.5993122671695039,0.2843636459202513,0.1023000532183991,0.0649831146560843,14.748275862068976
109,2020-04-09,Kings,1321,24715,2578,47604,36047.0,2600747.0,0.3617264578215413,0.3028764428066244,0.19197522865545935,0.20940983494357585,32.5,0.5993122671695039,0.2843636459202513,0.1023000532183991,0.0649831146560843,14.748275862068976
110,2020-04-10,Kings,1528,26243,2887,50491,36047.0,2600747.0,0.3617264578215413,0.3028764428066244,0.19197522865545935,0.20940983494357585,32.5,0.5993122671695039,0.2843636459202513,0.1023000532183991,0.0649831146560843,14.748275862068976
111,2020-04-11,Kings,1228,27471,2670,53161,36047.0,2600747.0,0.3617264578215413,0.3028764428066244,0.19197522865545935,0.20940983494357585,32.5,0.5993122671695039,0.2843636459202513,0.1023000532183991,0.0649831146560843,14.748275862068976
112,2020-04-12,Kings,933,28404,2029,55190,36047.0,2600747.0,0.3617264578215413,0.3028764428066244,0.19197522865545935,0.20940983494357585,32.5,0.5993122671695039,0.2843636459202513,0.1023000532183991,0.0649831146560843,14.748275862068976
113,2020-04-13,Kings,902,29306,2055,57245,36047.0,2600747.0,0.3617264578215413,0.3028764428066244,0.19197522865545935,0.20940983494357585,32.5,0.5993122671695039,0.2843636459202513,0.1023000532183991,0.0649831146560843,14.748275862068976
114,2020-04-14,Kings,2663,31969,5103,62348,36047.0,2600747.0,0.3617264578215413,0.3028764428066244,0.19197522865545935,0.20940983494357585,32.5,0.5993122671695039,0.2843636459202513,0.1023000532183991,0.0649831146560843,14.748275862068976
115,2020-04-15,Kings,1552,33521,3724,66072,36047.0,2600747.0,0.3617264578215413,0.3028764428066244,0.19197522865545935,0.20940983494357585,32.5,0.5993122671695039,0.2843636459202513,0.1023000532183991,0.0649831146560843,14.748275862068976
116,2020-04-16,Kings,1184,34705,3347,69419,36047.0,2600747.0,0.3617264578215413,0.3028764428066244,0.19197522865545935,0.20940983494357585,32.5,0.5993122671695039,0.2843636459202513,0.1023000532183991,0.0649831146560843,14.748275862068976
117,2020-04-17,Kings,1058,35763,3016,72435,36047.0,2600747.0,0.3617264578215413,0.3028764428066244,0.19197522865545935,0.20940983494357585,32.5,0.5993122671695039,0.2843636459202513,0.1023000532183991,0.0649831146560843,14.748275862068976
118,2020-04-18,Kings,719,36482,2390,74825,36047.0,2600747.0,0.3617264578215413,0.3028764428066244,0.19197522865545935,0.20940983494357585,32.5,0.5993122671695039,0.2843636459202513,0.1023000532183991,0.0649831146560843,14.748275862068976
119,2020-04-19,Kings,548,37030,1835,76660,36047.0,2600747.0,0.3617264578215413,0.3028764428066244,0.19197522865545935,0.20940983494357585,32.5,0.5993122671695039,0.2843636459202513,0.1023000532183991,0.0649831146560843,14.748275862068976
120,2020-04-20,Kings,664,37694,2300,78960,36047.0,2600747.0,0.3617264578215413,0.3028764428066244,0.19197522865545935,0.20940983494357585,32.5,0.5993122671695039,0.2843636459202513,0.1023000532183991,0.0649831146560843,14.748275862068976
121,2020-04-21,Kings,787,38481,2827,81787,36047.0,2600747.0,0.3617264578215413,0.3028764428066244,0.19197522865545935,0.20940983494357585,32.5,0.5993122671695039,0.2843636459202513,0.1023000532183991,0.0649831146560843,14.748275862068976
122,2020-04-22,Kings,873,39354,3526,85313,36047.0,2600747.0,0.3617264578215413,0.3028764428066244,0.19197522865545935,0.20940983494357585,32.5,0.5993122671695039,0.2843636459202513,0.1023000532183991,0.0649831146560843,14.748275862068976
123,2020-04-23,Kings,1294,40648,5030,90343,36047.0,2600747.0,0.3617264578215413,0.3028764428066244,0.19197522865545935,0.20940983494357585,32.5,0.5993122671695039,0.2843636459202513,0.1023000532183991,0.0649831146560843,14.748275862068976
124,2020-04-24,Kings,1012,41660,4021,94364,36047.0,2600747.0,0.3617264578215413,0.3028764428066244,0.19197522865545935,0.20940983494357585,32.5,0.5993122671695039,0.2843636459202513,0.1023000532183991,0.0649831146560843,14.748275862068976
125,2020-04-25,Kings,827,42487,3685,98049,36047.0,2600747.0,0.3617264578215413,0.3028764428066244,0.19197522865545935,0.20940983494357585,32.5,0.5993122671695039,0.2843636459202513,0.1023000532183991,0.0649831146560843,14.748275862068976
126,2020-04-26,Kings,527,43014,2684,100733,36047.0,2600747.0,0.3617264578215413,0.3028764428066244,0.19197522865545935,0.20940983494357585,32.5,0.5993122671695039,0.2843636459202513,0.1023000532183991,0.0649831146560843,14.748275862068976
127,2020-04-27,Kings,573,43587,2940,103673,36047.0,2600747.0,0.3617264578215413,0.3028764428066244,0.19197522865545935,0.20940983494357585,32.5,0.5993122671695039,0.2843636459202513,0.1023000532183991,0.0649831146560843,14.748275862068976
128,2020-04-28,Kings,649,44236,3873,107546,36047.0,2600747.0,0.3617264578215413,0.3028764428066244,0.19197522865545935,0.20940983494357585,32.5,0.5993122671695039,0.2843636459202513,0.1023000532183991,0.0649831146560843,14.748275862068976
129,2020-04-29,Kings,636,44872,3944,111490,36047.0,2600747.0,0.3617264578215413,0.3028764428066244,0.19197522865545935,0.20940983494357585,32.5,0.5993122671695039,0.2843636459202513,0.1023000532183991,0.0649831146560843,14.748275862068976
130,2020-04-30,Kings,647,45519,3927,115417,36047.0,2600747.0,0.3617264578215413,0.3028764428066244,0.19197522865545935,0.20940983494357585,32.5,0.5993122671695039,0.2843636459202513,0.1023000532183991,0.0649831146560843,14.748275862068976
131,2020-05-01,Kings,756,46275,4717,120134,36047.0,2600747.0,0.3617264578215413,0.3028764428066244,0.19197522865545935,0.20940983494357585,32.5,0.5993122671695039,0.2843636459202513,0.1023000532183991,0.0649831146560843,14.748275862068976
132,2020-05-02,Kings,564,46839,3804,123938,36047.0,2600747.0,0.3617264578215413,0.3028764428066244,0.19197522865545935,0.20940983494357585,32.5,0.5993122671695039,0.2843636459202513,0.1023000532183991,0.0649831146560843,14.748275862068976
133,2020-05-03,Kings,344,47183,2545,126483,36047.0,2600747.0,0.3617264578215413,0.3028764428066244,0.19197522865545935,0.20940983494357585,32.5,0.5993122671695039,0.2843636459202513,0.1023000532183991,0.0649831146560843,14.748275862068976
134,2020-05-04,Kings,396,47579,3364,129847,36047.0,2600747.0,0.3617264578215413,0.3028764428066244,0.19197522865545935,0.20940983494357585,32.5,0.5993122671695039,0.2843636459202513,0.1023000532183991,0.0649831146560843,14.748275862068976
135,2020-05-05,Kings,395,47974,3597,133444,36047.0,2600747.0,0.3617264578215413,0.3028764428066244,0.19197522865545935,0.20940983494357585,32.5,0.5993122671695039,0.2843636459202513,0.1023000532183991,0.0649831146560843,14.748275862068976
136,2020-05-06,Kings,576,48550,5284,138728,36047.0,2600747.0,0.3617264578215413,0.3028764428066244,0.19197522865545935,0.20940983494357585,32.5,0.5993122671695039,0.2843636459202513,0.1023000532183991,0.0649831146560843,14.748275862068976
137,2020-05-07,Kings,448,48998,4582,143310,36047.0,2600747.0,0.3617264578215413,0.3028764428066244,0.19197522865545935,0.20940983494357585,32.5,0.5993122671695039,0.2843636459202513,0.1023000532183991,0.0649831146560843,14.748275862068976
138,2020-05-08,Kings,463,49461,4747,148057,36047.0,2600747.0,0.3617264578215413,0.3028764428066244,0.19197522865545935,0.20940983494357585,32.5,0.5993122671695039,0.2843636459202513,0.1023000532183991,0.0649831146560843,14.748275862068976
139,2020-05-09,Kings,356,49817,3682,151739,36047.0,2600747.0,0.3617264578215413,0.3028764428066244,0.19197522865545935,0.20940983494357585,32.5,0.5993122671695039,0.2843636459202513,0.1023000532183991,0.0649831146560843,14.748275862068976
140,2020-05-10,Kings,255,50072,2825,154564,36047.0,2600747.0,0.3617264578215413,0.3028764428066244,0.19197522865545935,0.20940983494357585,32.5,0.5993122671695039,0.2843636459202513,0.1023000532183991,0.0649831146560843,14.748275862068976
141,2020-05-11,Kings,259,50331,2984,157548,36047.0,2600747.0,0.3617264578215413,0.3028764428066244,0.19197522865545935,0.20940983494357585,32.5,0.5993122671695039,0.2843636459202513,0.1023000532183991,0.0649831146560843,14.748275862068976
142,2020-03-02,New York,0,0,0,0,36061.0,1632480.0,0.4689576595119082,0.12487074879937275,0.2595333480348917,0.1613575664020386,28.0,0.5816652546151788,0.2255194863105324,0.10646236511192364,0.025947560866850974,15.141666666666667
143,2020-03-03,New York,0,0,3,3,36061.0,1632480.0,0.4689576595119082,0.12487074879937275,0.2595333480348917,0.1613575664020386,28.0,0.5816652546151788,0.2255194863105324,0.10646236511192364,0.025947560866850974,15.141666666666667
144,2020-03-04,New York,1,1,4,7,36061.0,1632480.0,0.4689576595119082,0.12487074879937275,0.2595333480348917,0.1613575664020386,28.0,0.5816652546151788,0.2255194863105324,0.10646236511192364,0.025947560866850974,15.141666666666667
145,2020-03-05,New York,1,2,18,25,36061.0,1632480.0,0.4689576595119082,0.12487074879937275,0.2595333480348917,0.1613575664020386,28.0,0.5816652546151788,0.2255194863105324,0.10646236511192364,0.025947560866850974,15.141666666666667
146,2020-03-06,New York,3,5,14,39,36061.0,1632480.0,0.4689576595119082,0.12487074879937275,0.2595333480348917,0.1613575664020386,28.0,0.5816652546151788,0.2255194863105324,0.10646236511192364,0.025947560866850974,15.141666666666667
147,2020-03-07,New York,0,5,22,61,36061.0,1632480.0,0.4689576595119082,0.12487074879937275,0.2595333480348917,0.1613575664020386,28.0,0.5816652546151788,0.2255194863105324,0.10646236511192364,0.025947560866850974,15.141666666666667
148,2020-03-08,New York,0,5,24,85,36061.0,1632480.0,0.4689576595119082,0.12487074879937275,0.2595333480348917,0.1613575664020386,28.0,0.5816652546151788,0.2255194863105324,0.10646236511192364,0.025947560866850974,15.141666666666667
149,2020-03-09,New York,7,12,47,132,36061.0,1632480.0,0.4689576595119082,0.12487074879937275,0.2595333480348917,0.1613575664020386,28.0,0.5816652546151788,0.2255194863105324,0.10646236511192364,0.025947560866850974,15.141666666666667
150,2020-03-10,New York,12,24,78,210,36061.0,1632480.0,0.4689576595119082,0.12487074879937275,0.2595333480348917,0.1613575664020386,28.0,0.5816652546151788,0.2255194863105324,0.10646236511192364,0.025947560866850974,15.141666666666667
151,2020-03-11,New York,3,27,70,280,36061.0,1632480.0,0.4689576595119082,0.12487074879937275,0.2595333480348917,0.1613575664020386,28.0,0.5816652546151788,0.2255194863105324,0.10646236511192364,0.025947560866850974,15.141666666666667
152,2020-03-12,New York,18,45,186,466,36061.0,1632480.0,0.4689576595119082,0.12487074879937275,0.2595333480348917,0.1613575664020386,28.0,0.5816652546151788,0.2255194863105324,0.10646236511192364,0.025947560866850974,15.141666666666667
153,2020-03-13,New York,39,84,268,734,36061.0,1632480.0,0.4689576595119082,0.12487074879937275,0.2595333480348917,0.1613575664020386,28.0,0.5816652546151788,0.2255194863105324,0.10646236511192364,0.025947560866850974,15.141666666666667
154,2020-03-14,New York,28,112,193,927,36061.0,1632480.0,0.4689576595119082,0.12487074879937275,0.2595333480348917,0.1613575664020386,28.0,0.5816652546151788,0.2255194863105324,0.10646236511192364,0.025947560866850974,15.141666666666667
155,2020-03-15,New York,60,172,317,1244,36061.0,1632480.0,0.4689576595119082,0.12487074879937275,0.2595333480348917,0.1613575664020386,28.0,0.5816652546151788,0.2255194863105324,0.10646236511192364,0.025947560866850974,15.141666666666667
156,2020-03-16,New York,69,241,398,1642,36061.0,1632480.0,0.4689576595119082,0.12487074879937275,0.2595333480348917,0.1613575664020386,28.0,0.5816652546151788,0.2255194863105324,0.10646236511192364,0.025947560866850974,15.141666666666667
157,2020-03-17,New York,161,402,598,2240,36061.0,1632480.0,0.4689576595119082,0.12487074879937275,0.2595333480348917,0.1613575664020386,28.0,0.5816652546151788,0.2255194863105324,0.10646236511192364,0.025947560866850974,15.141666666666667
158,2020-03-18,New York,335,737,1074,3314,36061.0,1632480.0,0.4689576595119082,0.12487074879937275,0.2595333480348917,0.1613575664020386,28.0,0.5816652546151788,0.2255194863105324,0.10646236511192364,0.025947560866850974,15.141666666666667
159,2020-03-19,New York,437,1174,1235,4549,36061.0,1632480.0,0.4689576595119082,0.12487074879937275,0.2595333480348917,0.1613575664020386,28.0,0.5816652546151788,0.2255194863105324,0.10646236511192364,0.025947560866850974,15.141666666666667
160,2020-03-20,New York,370,1544,1263,5812,36061.0,1632480.0,0.4689576595119082,0.12487074879937275,0.2595333480348917,0.1613575664020386,28.0,0.5816652546151788,0.2255194863105324,0.10646236511192364,0.025947560866850974,15.141666666666667
161,2020-03-21,New York,522,2066,1370,7182,36061.0,1632480.0,0.4689576595119082,0.12487074879937275,0.2595333480348917,0.1613575664020386,28.0,0.5816652546151788,0.2255194863105324,0.10646236511192364,0.025947560866850974,15.141666666666667
162,2020-03-22,New York,607,2673,1367,8549,36061.0,1632480.0,0.4689576595119082,0.12487074879937275,0.2595333480348917,0.1613575664020386,28.0,0.5816652546151788,0.2255194863105324,0.10646236511192364,0.025947560866850974,15.141666666666667
163,2020-03-23,New York,405,3078,990,9539,36061.0,1632480.0,0.4689576595119082,0.12487074879937275,0.2595333480348917,0.1613575664020386,28.0,0.5816652546151788,0.2255194863105324,0.10646236511192364,0.025947560866850974,15.141666666666667
164,2020-03-24,New York,442,3520,1065,10604,36061.0,1632480.0,0.4689576595119082,0.12487074879937275,0.2595333480348917,0.1613575664020386,28.0,0.5816652546151788,0.2255194863105324,0.10646236511192364,0.025947560866850974,15.141666666666667
165,2020-03-25,New York,542,4062,1232,11836,36061.0,1632480.0,0.4689576595119082,0.12487074879937275,0.2595333480348917,0.1613575664020386,28.0,0.5816652546151788,0.2255194863105324,0.10646236511192364,0.025947560866850974,15.141666666666667
166,2020-03-26,New York,523,4585,1062,12898,36061.0,1632480.0,0.4689576595119082,0.12487074879937275,0.2595333480348917,0.1613575664020386,28.0,0.5816652546151788,0.2255194863105324,0.10646236511192364,0.025947560866850974,15.141666666666667
167,2020-03-27,New York,631,5216,1314,14212,36061.0,1632480.0,0.4689576595119082,0.12487074879937275,0.2595333480348917,0.1613575664020386,28.0,0.5816652546151788,0.2255194863105324,0.10646236511192364,0.025947560866850974,15.141666666666667
168,2020-03-28,New York,590,5806,1160,15372,36061.0,1632480.0,0.4689576595119082,0.12487074879937275,0.2595333480348917,0.1613575664020386,28.0,0.5816652546151788,0.2255194863105324,0.10646236511192364,0.025947560866850974,15.141666666666667
169,2020-03-29,New York,422,6228,788,16160,36061.0,1632480.0,0.4689576595119082,0.12487074879937275,0.2595333480348917,0.1613575664020386,28.0,0.5816652546151788,0.2255194863105324,0.10646236511192364,0.025947560866850974,15.141666666666667
170,2020-03-30,New York,648,6876,1422,17582,36061.0,1632480.0,0.4689576595119082,0.12487074879937275,0.2595333480348917,0.1613575664020386,28.0,0.5816652546151788,0.2255194863105324,0.10646236511192364,0.025947560866850974,15.141666666666667
171,2020-03-31,New York,497,7373,1015,18597,36061.0,1632480.0,0.4689576595119082,0.12487074879937275,0.2595333480348917,0.1613575664020386,28.0,0.5816652546151788,0.2255194863105324,0.10646236511192364,0.025947560866850974,15.141666666666667
172,2020-04-01,New York,470,7843,1002,19599,36061.0,1632480.0,0.4689576595119082,0.12487074879937275,0.2595333480348917,0.1613575664020386,28.0,0.5816652546151788,0.2255194863105324,0.10646236511192364,0.025947560866850974,15.141666666666667
173,2020-04-02,New York,609,8452,1294,20893,36061.0,1632480.0,0.4689576595119082,0.12487074879937275,0.2595333480348917,0.1613575664020386,28.0,0.5816652546151788,0.2255194863105324,0.10646236511192364,0.025947560866850974,15.141666666666667
174,2020-04-03,New York,848,9300,1820,22713,36061.0,1632480.0,0.4689576595119082,0.12487074879937275,0.2595333480348917,0.1613575664020386,28.0,0.5816652546151788,0.2255194863105324,0.10646236511192364,0.025947560866850974,15.141666666666667
175,2020-04-04,New York,598,9898,1278,23991,36061.0,1632480.0,0.4689576595119082,0.12487074879937275,0.2595333480348917,0.1613575664020386,28.0,0.5816652546151788,0.2255194863105324,0.10646236511192364,0.025947560866850974,15.141666666666667
176,2020-04-05,New York,542,10440,1162,25153,36061.0,1632480.0,0.4689576595119082,0.12487074879937275,0.2595333480348917,0.1613575664020386,28.0,0.5816652546151788,0.2255194863105324,0.10646236511192364,0.025947560866850974,15.141666666666667
177,2020-04-06,New York,572,11012,1249,26402,36061.0,1632480.0,0.4689576595119082,0.12487074879937275,0.2595333480348917,0.1613575664020386,28.0,0.5816652546151788,0.2255194863105324,0.10646236511192364,0.025947560866850974,15.141666666666667
178,2020-04-07,New York,492,11504,1257,27659,36061.0,1632480.0,0.4689576595119082,0.12487074879937275,0.2595333480348917,0.1613575664020386,28.0,0.5816652546151788,0.2255194863105324,0.10646236511192364,0.025947560866850974,15.141666666666667
179,2020-04-08,New York,602,12106,1424,29083,36061.0,1632480.0,0.4689576595119082,0.12487074879937275,0.2595333480348917,0.1613575664020386,28.0,0.5816652546151788,0.2255194863105324,0.10646236511192364,0.025947560866850974,15.141666666666667
180,2020-04-09,New York,616,12722,1659,30742,36061.0,1632480.0,0.4689576595119082,0.12487074879937275,0.2595333480348917,0.1613575664020386,28.0,0.5816652546151788,0.2255194863105324,0.10646236511192364,0.025947560866850974,15.141666666666667
181,2020-04-10,New York,715,13437,1685,32427,36061.0,1632480.0,0.4689576595119082,0.12487074879937275,0.2595333480348917,0.1613575664020386,28.0,0.5816652546151788,0.2255194863105324,0.10646236511192364,0.025947560866850974,15.141666666666667
182,2020-04-11,New York,708,14145,1783,34210,36061.0,1632480.0,0.4689576595119082,0.12487074879937275,0.2595333480348917,0.1613575664020386,28.0,0.5816652546151788,0.2255194863105324,0.10646236511192364,0.025947560866850974,15.141666666666667
183,2020-04-12,New York,356,14501,1033,35243,36061.0,1632480.0,0.4689576595119082,0.12487074879937275,0.2595333480348917,0.1613575664020386,28.0,0.5816652546151788,0.2255194863105324,0.10646236511192364,0.025947560866850974,15.141666666666667
184,2020-04-13,New York,379,14880,1206,36449,36061.0,1632480.0,0.4689576595119082,0.12487074879937275,0.2595333480348917,0.1613575664020386,28.0,0.5816652546151788,0.2255194863105324,0.10646236511192364,0.025947560866850974,15.141666666666667
185,2020-04-14,New York,1737,16617,4068,40517,36061.0,1632480.0,0.4689576595119082,0.12487074879937275,0.2595333480348917,0.1613575664020386,28.0,0.5816652546151788,0.2255194863105324,0.10646236511192364,0.025947560866850974,15.141666666666667
186,2020-04-15,New York,474,17091,1533,42050,36061.0,1632480.0,0.4689576595119082,0.12487074879937275,0.2595333480348917,0.1613575664020386,28.0,0.5816652546151788,0.2255194863105324,0.10646236511192364,0.025947560866850974,15.141666666666667
187,2020-04-16,New York,399,17490,1476,43526,36061.0,1632480.0,0.4689576595119082,0.12487074879937275,0.2595333480348917,0.1613575664020386,28.0,0.5816652546151788,0.2255194863105324,0.10646236511192364,0.025947560866850974,15.141666666666667
188,2020-04-17,New York,442,17932,1585,45111,36061.0,1632480.0,0.4689576595119082,0.12487074879937275,0.2595333480348917,0.1613575664020386,28.0,0.5816652546151788,0.2255194863105324,0.10646236511192364,0.025947560866850974,15.141666666666667
189,2020-04-18,New York,288,18220,1093,46204,36061.0,1632480.0,0.4689576595119082,0.12487074879937275,0.2595333480348917,0.1613575664020386,28.0,0.5816652546151788,0.2255194863105324,0.10646236511192364,0.025947560866850974,15.141666666666667
190,2020-04-19,New York,248,18468,954,47158,36061.0,1632480.0,0.4689576595119082,0.12487074879937275,0.2595333480348917,0.1613575664020386,28.0,0.5816652546151788,0.2255194863105324,0.10646236511192364,0.025947560866850974,15.141666666666667
191,2020-04-20,New York,231,18699,1099,48257,36061.0,1632480.0,0.4689576595119082,0.12487074879937275,0.2595333480348917,0.1613575664020386,28.0,0.5816652546151788,0.2255194863105324,0.10646236511192364,0.025947560866850974,15.141666666666667
192,2020-04-21,New York,326,19025,1430,49687,36061.0,1632480.0,0.4689576595119082,0.12487074879937275,0.2595333480348917,0.1613575664020386,28.0,0.5816652546151788,0.2255194863105324,0.10646236511192364,0.025947560866850974,15.141666666666667
193,2020-04-22,New York,323,19348,1581,51268,36061.0,1632480.0,0.4689576595119082,0.12487074879937275,0.2595333480348917,0.1613575664020386,28.0,0.5816652546151788,0.2255194863105324,0.10646236511192364,0.025947560866850974,15.141666666666667
194,2020-04-23,New York,506,19854,2654,53922,36061.0,1632480.0,0.4689576595119082,0.12487074879937275,0.2595333480348917,0.1613575664020386,28.0,0.5816652546151788,0.2255194863105324,0.10646236511192364,0.025947560866850974,15.141666666666667
195,2020-04-24,New York,426,20280,2110,56032,36061.0,1632480.0,0.4689576595119082,0.12487074879937275,0.2595333480348917,0.1613575664020386,28.0,0.5816652546151788,0.2255194863105324,0.10646236511192364,0.025947560866850974,15.141666666666667
196,2020-04-25,New York,493,20773,2354,58386,36061.0,1632480.0,0.4689576595119082,0.12487074879937275,0.2595333480348917,0.1613575664020386,28.0,0.5816652546151788,0.2255194863105324,0.10646236511192364,0.025947560866850974,15.141666666666667
197,2020-04-26,New York,324,21097,2007,60393,36061.0,1632480.0,0.4689576595119082,0.12487074879937275,0.2595333480348917,0.1613575664020386,28.0,0.5816652546151788,0.2255194863105324,0.10646236511192364,0.025947560866850974,15.141666666666667
198,2020-04-27,New York,215,21312,1650,62043,36061.0,1632480.0,0.4689576595119082,0.12487074879937275,0.2595333480348917,0.1613575664020386,28.0,0.5816652546151788,0.2255194863105324,0.10646236511192364,0.025947560866850974,15.141666666666667
199,2020-04-28,New York,292,21604,2260,64303,36061.0,1632480.0,0.4689576595119082,0.12487074879937275,0.2595333480348917,0.1613575664020386,28.0,0.5816652546151788,0.2255194863105324,0.10646236511192364,0.025947560866850974,15.141666666666667
200,2020-04-29,New York,316,21920,2299,66602,36061.0,1632480.0,0.4689576595119082,0.12487074879937275,0.2595333480348917,0.1613575664020386,28.0,0.5816652546151788,0.2255194863105324,0.10646236511192364,0.025947560866850974,15.141666666666667
201,2020-04-30,New York,255,22175,2205,68807,36061.0,1632480.0,0.4689576595119082,0.12487074879937275,0.2595333480348917,0.1613575664020386,28.0,0.5816652546151788,0.2255194863105324,0.10646236511192364,0.025947560866850974,15.141666666666667
202,2020-05-01,New York,321,22496,2606,71413,36061.0,1632480.0,0.4689576595119082,0.12487074879937275,0.2595333480348917,0.1613575664020386,28.0,0.5816652546151788,0.2255194863105324,0.10646236511192364,0.025947560866850974,15.141666666666667
203,2020-05-02,New York,245,22741,2214,73627,36061.0,1632480.0,0.4689576595119082,0.12487074879937275,0.2595333480348917,0.1613575664020386,28.0,0.5816652546151788,0.2255194863105324,0.10646236511192364,0.025947560866850974,15.141666666666667
204,2020-05-03,New York,159,22900,1524,75151,36061.0,1632480.0,0.4689576595119082,0.12487074879937275,0.2595333480348917,0.1613575664020386,28.0,0.5816652546151788,0.2255194863105324,0.10646236511192364,0.025947560866850974,15.141666666666667
205,2020-05-04,New York,154,23054,2246,77397,36061.0,1632480.0,0.4689576595119082,0.12487074879937275,0.2595333480348917,0.1613575664020386,28.0,0.5816652546151788,0.2255194863105324,0.10646236511192364,0.025947560866850974,15.141666666666667
206,2020-05-05,New York,203,23257,2499,79896,36061.0,1632480.0,0.4689576595119082,0.12487074879937275,0.2595333480348917,0.1613575664020386,28.0,0.5816652546151788,0.2255194863105324,0.10646236511192364,0.025947560866850974,15.141666666666667
207,2020-05-06,New York,272,23529,2966,82862,36061.0,1632480.0,0.4689576595119082,0.12487074879937275,0.2595333480348917,0.1613575664020386,28.0,0.5816652546151788,0.2255194863105324,0.10646236511192364,0.025947560866850974,15.141666666666667
208,2020-05-07,New York,201,23730,3036,85898,36061.0,1632480.0,0.4689576595119082,0.12487074879937275,0.2595333480348917,0.1613575664020386,28.0,0.5816652546151788,0.2255194863105324,0.10646236511192364,0.025947560866850974,15.141666666666667
209,2020-05-08,New York,151,23881,2633,88531,36061.0,1632480.0,0.4689576595119082,0.12487074879937275,0.2595333480348917,0.1613575664020386,28.0,0.5816652546151788,0.2255194863105324,0.10646236511192364,0.025947560866850974,15.141666666666667
210,2020-05-09,New York,96,23977,2336,90867,36061.0,1632480.0,0.4689576595119082,0.12487074879937275,0.2595333480348917,0.1613575664020386,28.0,0.5816652546151788,0.2255194863105324,0.10646236511192364,0.025947560866850974,15.141666666666667
211,2020-05-10,New York,85,24062,1496,92363,36061.0,1632480.0,0.4689576595119082,0.12487074879937275,0.2595333480348917,0.1613575664020386,28.0,0.5816652546151788,0.2255194863105324,0.10646236511192364,0.025947560866850974,15.141666666666667
212,2020-05-11,New York,129,24191,1984,94347,36061.0,1632480.0,0.4689576595119082,0.12487074879937275,0.2595333480348917,0.1613575664020386,28.0,0.5816652546151788,0.2255194863105324,0.10646236511192364,0.025947560866850974,15.141666666666667
213,2020-03-02,Queens,0,0,0,0,36081.0,2298513.0,0.2529343971515497,0.1724245196785922,0.27999102028137324,0.12841563219350946,32.9,0.4979359750142948,0.24299287599854005,0.11725305715197253,0.08583268450509797,15.53770491803278
214,2020-03-03,Queens,0,0,2,2,36081.0,2298513.0,0.2529343971515497,0.1724245196785922,0.27999102028137324,0.12841563219350946,32.9,0.4979359750142948,0.24299287599854005,0.11725305715197253,0.08583268450509797,15.53770491803278
215,2020-03-04,Queens,0,0,0,2,36081.0,2298513.0,0.2529343971515497,0.1724245196785922,0.27999102028137324,0.12841563219350946,32.9,0.4979359750142948,0.24299287599854005,0.11725305715197253,0.08583268450509797,15.53770491803278
216,2020-03-05,Queens,1,1,6,8,36081.0,2298513.0,0.2529343971515497,0.1724245196785922,0.27999102028137324,0.12841563219350946,32.9,0.4979359750142948,0.24299287599854005,0.11725305715197253,0.08583268450509797,15.53770491803278
217,2020-03-06,Queens,1,2,10,18,36081.0,2298513.0,0.2529343971515497,0.1724245196785922,0.27999102028137324,0.12841563219350946,32.9,0.4979359750142948,0.24299287599854005,0.11725305715197253,0.08583268450509797,15.53770491803278
218,2020-03-07,Queens,0,2,14,32,36081.0,2298513.0,0.2529343971515497,0.1724245196785922,0.27999102028137324,0.12841563219350946,32.9,0.4979359750142948,0.24299287599854005,0.11725305715197253,0.08583268450509797,15.53770491803278
219,2020-03-08,Queens,1,3,13,45,36081.0,2298513.0,0.2529343971515497,0.1724245196785922,0.27999102028137324,0.12841563219350946,32.9,0.4979359750142948,0.24299287599854005,0.11725305715197253,0.08583268450509797,15.53770491803278
220,2020-03-09,Queens,0,3,15,60,36081.0,2298513.0,0.2529343971515497,0.1724245196785922,0.27999102028137324,0.12841563219350946,32.9,0.4979359750142948,0.24299287599854005,0.11725305715197253,0.08583268450509797,15.53770491803278
221,2020-03-10,Queens,4,7,18,78,36081.0,2298513.0,0.2529343971515497,0.1724245196785922,0.27999102028137324,0.12841563219350946,32.9,0.4979359750142948,0.24299287599854005,0.11725305715197253,0.08583268450509797,15.53770491803278
222,2020-03-11,Queens,5,12,44,122,36081.0,2298513.0,0.2529343971515497,0.1724245196785922,0.27999102028137324,0.12841563219350946,32.9,0.4979359750142948,0.24299287599854005,0.11725305715197253,0.08583268450509797,15.53770491803278
223,2020-03-12,Queens,15,27,74,196,36081.0,2298513.0,0.2529343971515497,0.1724245196785922,0.27999102028137324,0.12841563219350946,32.9,0.4979359750142948,0.24299287599854005,0.11725305715197253,0.08583268450509797,15.53770491803278
224,2020-03-13,Queens,30,57,154,350,36081.0,2298513.0,0.2529343971515497,0.1724245196785922,0.27999102028137324,0.12841563219350946,32.9,0.4979359750142948,0.24299287599854005,0.11725305715197253,0.08583268450509797,15.53770491803278
225,2020-03-14,Queens,18,75,110,460,36081.0,2298513.0,0.2529343971515497,0.1724245196785922,0.27999102028137324,0.12841563219350946,32.9,0.4979359750142948,0.24299287599854005,0.11725305715197253,0.08583268450509797,15.53770491803278
226,2020-03-15,Queens,49,124,198,658,36081.0,2298513.0,0.2529343971515497,0.1724245196785922,0.27999102028137324,0.12841563219350946,32.9,0.4979359750142948,0.24299287599854005,0.11725305715197253,0.08583268450509797,15.53770491803278
227,2020-03-16,Queens,38,162,136,794,36081.0,2298513.0,0.2529343971515497,0.1724245196785922,0.27999102028137324,0.12841563219350946,32.9,0.4979359750142948,0.24299287599854005,0.11725305715197253,0.08583268450509797,15.53770491803278
228,2020-03-17,Queens,123,285,371,1165,36081.0,2298513.0,0.2529343971515497,0.1724245196785922,0.27999102028137324,0.12841563219350946,32.9,0.4979359750142948,0.24299287599854005,0.11725305715197253,0.08583268450509797,15.53770491803278
229,2020-03-18,Queens,336,621,768,1933,36081.0,2298513.0,0.2529343971515497,0.1724245196785922,0.27999102028137324,0.12841563219350946,32.9,0.4979359750142948,0.24299287599854005,0.11725305715197253,0.08583268450509797,15.53770491803278
230,2020-03-19,Queens,519,1140,1179,3112,36081.0,2298513.0,0.2529343971515497,0.1724245196785922,0.27999102028137324,0.12841563219350946,32.9,0.4979359750142948,0.24299287599854005,0.11725305715197253,0.08583268450509797,15.53770491803278
231,2020-03-20,Queens,491,1631,1218,4330,36081.0,2298513.0,0.2529343971515497,0.1724245196785922,0.27999102028137324,0.12841563219350946,32.9,0.4979359750142948,0.24299287599854005,0.11725305715197253,0.08583268450509797,15.53770491803278
232,2020-03-21,Queens,843,2474,1927,6257,36081.0,2298513.0,0.2529343971515497,0.1724245196785922,0.27999102028137324,0.12841563219350946,32.9,0.4979359750142948,0.24299287599854005,0.11725305715197253,0.08583268450509797,15.53770491803278
233,2020-03-22,Queens,1152,3626,2048,8305,36081.0,2298513.0,0.2529343971515497,0.1724245196785922,0.27999102028137324,0.12841563219350946,32.9,0.4979359750142948,0.24299287599854005,0.11725305715197253,0.08583268450509797,15.53770491803278
234,2020-03-23,Queens,839,4465,1518,9823,36081.0,2298513.0,0.2529343971515497,0.1724245196785922,0.27999102028137324,0.12841563219350946,32.9,0.4979359750142948,0.24299287599854005,0.11725305715197253,0.08583268450509797,15.53770491803278
235,2020-03-24,Queens,1010,5475,1736,11559,36081.0,2298513.0,0.2529343971515497,0.1724245196785922,0.27999102028137324,0.12841563219350946,32.9,0.4979359750142948,0.24299287599854005,0.11725305715197253,0.08583268450509797,15.53770491803278
236,2020-03-25,Queens,1238,6713,2110,13669,36081.0,2298513.0,0.2529343971515497,0.1724245196785922,0.27999102028137324,0.12841563219350946,32.9,0.4979359750142948,0.24299287599854005,0.11725305715197253,0.08583268450509797,15.53770491803278
237,2020-03-26,Queens,1324,8037,2115,15784,36081.0,2298513.0,0.2529343971515497,0.1724245196785922,0.27999102028137324,0.12841563219350946,32.9,0.4979359750142948,0.24299287599854005,0.11725305715197253,0.08583268450509797,15.53770491803278
238,2020-03-27,Queens,1238,9275,2055,17839,36081.0,2298513.0,0.2529343971515497,0.1724245196785922,0.27999102028137324,0.12841563219350946,32.9,0.4979359750142948,0.24299287599854005,0.11725305715197253,0.08583268450509797,15.53770491803278
239,2020-03-28,Queens,1136,10411,1845,19684,36081.0,2298513.0,0.2529343971515497,0.1724245196785922,0.27999102028137324,0.12841563219350946,32.9,0.4979359750142948,0.24299287599854005,0.11725305715197253,0.08583268450509797,15.53770491803278
240,2020-03-29,Queens,1258,11669,1915,21599,36081.0,2298513.0,0.2529343971515497,0.1724245196785922,0.27999102028137324,0.12841563219350946,32.9,0.4979359750142948,0.24299287599854005,0.11725305715197253,0.08583268450509797,15.53770491803278
241,2020-03-30,Queens,2022,13691,3325,24924,36081.0,2298513.0,0.2529343971515497,0.1724245196785922,0.27999102028137324,0.12841563219350946,32.9,0.4979359750142948,0.24299287599854005,0.11725305715197253,0.08583268450509797,15.53770491803278
242,2020-03-31,Queens,1211,14902,1871,26795,36081.0,2298513.0,0.2529343971515497,0.1724245196785922,0.27999102028137324,0.12841563219350946,32.9,0.4979359750142948,0.24299287599854005,0.11725305715197253,0.08583268450509797,15.53770491803278
243,2020-04-01,Queens,1366,16268,2157,28952,36081.0,2298513.0,0.2529343971515497,0.1724245196785922,0.27999102028137324,0.12841563219350946,32.9,0.4979359750142948,0.24299287599854005,0.11725305715197253,0.08583268450509797,15.53770491803278
244,2020-04-02,Queens,1899,18167,3048,32000,36081.0,2298513.0,0.2529343971515497,0.1724245196785922,0.27999102028137324,0.12841563219350946,32.9,0.4979359750142948,0.24299287599854005,0.11725305715197253,0.08583268450509797,15.53770491803278
245,2020-04-03,Queens,1947,20114,3407,35407,36081.0,2298513.0,0.2529343971515497,0.1724245196785922,0.27999102028137324,0.12841563219350946,32.9,0.4979359750142948,0.24299287599854005,0.11725305715197253,0.08583268450509797,15.53770491803278
246,2020-04-04,Queens,1322,21436,2255,37662,36081.0,2298513.0,0.2529343971515497,0.1724245196785922,0.27999102028137324,0.12841563219350946,32.9,0.4979359750142948,0.24299287599854005,0.11725305715197253,0.08583268450509797,15.53770491803278
247,2020-04-05,Queens,1697,23133,2730,40392,36081.0,2298513.0,0.2529343971515497,0.1724245196785922,0.27999102028137324,0.12841563219350946,32.9,0.4979359750142948,0.24299287599854005,0.11725305715197253,0.08583268450509797,15.53770491803278
248,2020-04-06,Queens,1707,24840,2864,43256,36081.0,2298513.0,0.2529343971515497,0.1724245196785922,0.27999102028137324,0.12841563219350946,32.9,0.4979359750142948,0.24299287599854005,0.11725305715197253,0.08583268450509797,15.53770491803278
249,2020-04-07,Queens,1408,26248,2884,46140,36081.0,2298513.0,0.2529343971515497,0.1724245196785922,0.27999102028137324,0.12841563219350946,32.9,0.4979359750142948,0.24299287599854005,0.11725305715197253,0.08583268450509797,15.53770491803278
250,2020-04-08,Queens,1504,27752,2831,48971,36081.0,2298513.0,0.2529343971515497,0.1724245196785922,0.27999102028137324,0.12841563219350946,32.9,0.4979359750142948,0.24299287599854005,0.11725305715197253,0.08583268450509797,15.53770491803278
251,2020-04-09,Queens,1551,29303,2941,51912,36081.0,2298513.0,0.2529343971515497,0.1724245196785922,0.27999102028137324,0.12841563219350946,32.9,0.4979359750142948,0.24299287599854005,0.11725305715197253,0.08583268450509797,15.53770491803278
252,2020-04-10,Queens,1988,31291,3803,55715,36081.0,2298513.0,0.2529343971515497,0.1724245196785922,0.27999102028137324,0.12841563219350946,32.9,0.4979359750142948,0.24299287599854005,0.11725305715197253,0.08583268450509797,15.53770491803278
253,2020-04-11,Queens,1544,32835,3219,58934,36081.0,2298513.0,0.2529343971515497,0.1724245196785922,0.27999102028137324,0.12841563219350946,32.9,0.4979359750142948,0.24299287599854005,0.11725305715197253,0.08583268450509797,15.53770491803278
254,2020-04-12,Queens,1150,33985,2481,61415,36081.0,2298513.0,0.2529343971515497,0.1724245196785922,0.27999102028137324,0.12841563219350946,32.9,0.4979359750142948,0.24299287599854005,0.11725305715197253,0.08583268450509797,15.53770491803278
255,2020-04-13,Queens,1068,35053,2430,63845,36081.0,2298513.0,0.2529343971515497,0.1724245196785922,0.27999102028137324,0.12841563219350946,32.9,0.4979359750142948,0.24299287599854005,0.11725305715197253,0.08583268450509797,15.53770491803278
256,2020-04-14,Queens,1712,36765,3674,67519,36081.0,2298513.0,0.2529343971515497,0.1724245196785922,0.27999102028137324,0.12841563219350946,32.9,0.4979359750142948,0.24299287599854005,0.11725305715197253,0.08583268450509797,15.53770491803278
257,2020-04-15,Queens,1153,37918,3144,70663,36081.0,2298513.0,0.2529343971515497,0.1724245196785922,0.27999102028137324,0.12841563219350946,32.9,0.4979359750142948,0.24299287599854005,0.11725305715197253,0.08583268450509797,15.53770491803278
258,2020-04-16,Queens,1173,39091,3056,73719,36081.0,2298513.0,0.2529343971515497,0.1724245196785922,0.27999102028137324,0.12841563219350946,32.9,0.4979359750142948,0.24299287599854005,0.11725305715197253,0.08583268450509797,15.53770491803278
259,2020-04-17,Queens,1125,40216,3347,77066,36081.0,2298513.0,0.2529343971515497,0.1724245196785922,0.27999102028137324,0.12841563219350946,32.9,0.4979359750142948,0.24299287599854005,0.11725305715197253,0.08583268450509797,15.53770491803278
260,2020-04-18,Queens,1021,41237,3338,80404,36081.0,2298513.0,0.2529343971515497,0.1724245196785922,0.27999102028137324,0.12841563219350946,32.9,0.4979359750142948,0.24299287599854005,0.11725305715197253,0.08583268450509797,15.53770491803278
261,2020-04-19,Queens,786,42023,2428,82832,36081.0,2298513.0,0.2529343971515497,0.1724245196785922,0.27999102028137324,0.12841563219350946,32.9,0.4979359750142948,0.24299287599854005,0.11725305715197253,0.08583268450509797,15.53770491803278
262,2020-04-20,Queens,799,42822,2498,85330,36081.0,2298513.0,0.2529343971515497,0.1724245196785922,0.27999102028137324,0.12841563219350946,32.9,0.4979359750142948,0.24299287599854005,0.11725305715197253,0.08583268450509797,15.53770491803278
263,2020-04-21,Queens,891,43713,3058,88388,36081.0,2298513.0,0.2529343971515497,0.1724245196785922,0.27999102028137324,0.12841563219350946,32.9,0.4979359750142948,0.24299287599854005,0.11725305715197253,0.08583268450509797,15.53770491803278
264,2020-04-22,Queens,1191,44904,4142,92530,36081.0,2298513.0,0.2529343971515497,0.1724245196785922,0.27999102028137324,0.12841563219350946,32.9,0.4979359750142948,0.24299287599854005,0.11725305715197253,0.08583268450509797,15.53770491803278
265,2020-04-23,Queens,1483,46387,5468,97998,36081.0,2298513.0,0.2529343971515497,0.1724245196785922,0.27999102028137324,0.12841563219350946,32.9,0.4979359750142948,0.24299287599854005,0.11725305715197253,0.08583268450509797,15.53770491803278
266,2020-04-24,Queens,1474,47861,5296,103294,36081.0,2298513.0,0.2529343971515497,0.1724245196785922,0.27999102028137324,0.12841563219350946,32.9,0.4979359750142948,0.24299287599854005,0.11725305715197253,0.08583268450509797,15.53770491803278
267,2020-04-25,Queens,884,48745,3676,106970,36081.0,2298513.0,0.2529343971515497,0.1724245196785922,0.27999102028137324,0.12841563219350946,32.9,0.4979359750142948,0.24299287599854005,0.11725305715197253,0.08583268450509797,15.53770491803278
268,2020-04-26,Queens,654,49399,2829,109799,36081.0,2298513.0,0.2529343971515497,0.1724245196785922,0.27999102028137324,0.12841563219350946,32.9,0.4979359750142948,0.24299287599854005,0.11725305715197253,0.08583268450509797,15.53770491803278
269,2020-04-27,Queens,530,49929,2628,112427,36081.0,2298513.0,0.2529343971515497,0.1724245196785922,0.27999102028137324,0.12841563219350946,32.9,0.4979359750142948,0.24299287599854005,0.11725305715197253,0.08583268450509797,15.53770491803278
270,2020-04-28,Queens,812,50741,4061,116488,36081.0,2298513.0,0.2529343971515497,0.1724245196785922,0.27999102028137324,0.12841563219350946,32.9,0.4979359750142948,0.24299287599854005,0.11725305715197253,0.08583268450509797,15.53770491803278
271,2020-04-29,Queens,890,51631,4201,120689,36081.0,2298513.0,0.2529343971515497,0.1724245196785922,0.27999102028137324,0.12841563219350946,32.9,0.4979359750142948,0.24299287599854005,0.11725305715197253,0.08583268450509797,15.53770491803278
272,2020-04-30,Queens,643,52274,3689,124378,36081.0,2298513.0,0.2529343971515497,0.1724245196785922,0.27999102028137324,0.12841563219350946,32.9,0.4979359750142948,0.24299287599854005,0.11725305715197253,0.08583268450509797,15.53770491803278
273,2020-05-01,Queens,765,53039,4517,128895,36081.0,2298513.0,0.2529343971515497,0.1724245196785922,0.27999102028137324,0.12841563219350946,32.9,0.4979359750142948,0.24299287599854005,0.11725305715197253,0.08583268450509797,15.53770491803278
274,2020-05-02,Queens,601,53640,3755,132650,36081.0,2298513.0,0.2529343971515497,0.1724245196785922,0.27999102028137324,0.12841563219350946,32.9,0.4979359750142948,0.24299287599854005,0.11725305715197253,0.08583268450509797,15.53770491803278
275,2020-05-03,Queens,450,54090,2696,135346,36081.0,2298513.0,0.2529343971515497,0.1724245196785922,0.27999102028137324,0.12841563219350946,32.9,0.4979359750142948,0.24299287599854005,0.11725305715197253,0.08583268450509797,15.53770491803278
276,2020-05-04,Queens,358,54448,2633,137979,36081.0,2298513.0,0.2529343971515497,0.1724245196785922,0.27999102028137324,0.12841563219350946,32.9,0.4979359750142948,0.24299287599854005,0.11725305715197253,0.08583268450509797,15.53770491803278
277,2020-05-05,Queens,432,54880,3591,141570,36081.0,2298513.0,0.2529343971515497,0.1724245196785922,0.27999102028137324,0.12841563219350946,32.9,0.4979359750142948,0.24299287599854005,0.11725305715197253,0.08583268450509797,15.53770491803278
278,2020-05-06,Queens,570,55450,4505,146075,36081.0,2298513.0,0.2529343971515497,0.1724245196785922,0.27999102028137324,0.12841563219350946,32.9,0.4979359750142948,0.24299287599854005,0.11725305715197253,0.08583268450509797,15.53770491803278
279,2020-05-07,Queens,494,55944,3992,150067,36081.0,2298513.0,0.2529343971515497,0.1724245196785922,0.27999102028137324,0.12841563219350946,32.9,0.4979359750142948,0.24299287599854005,0.11725305715197253,0.08583268450509797,15.53770491803278
280,2020-05-08,Queens,549,56493,4596,154663,36081.0,2298513.0,0.2529343971515497,0.1724245196785922,0.27999102028137324,0.12841563219350946,32.9,0.4979359750142948,0.24299287599854005,0.11725305715197253,0.08583268450509797,15.53770491803278
281,2020-05-09,Queens,369,56862,3416,158079,36081.0,2298513.0,0.2529343971515497,0.1724245196785922,0.27999102028137324,0.12841563219350946,32.9,0.4979359750142948,0.24299287599854005,0.11725305715197253,0.08583268450509797,15.53770491803278
282,2020-05-10,Queens,318,57180,2937,161016,36081.0,2298513.0,0.2529343971515497,0.1724245196785922,0.27999102028137324,0.12841563219350946,32.9,0.4979359750142948,0.24299287599854005,0.11725305715197253,0.08583268450509797,15.53770491803278
283,2020-05-11,Queens,211,57391,2552,163568,36081.0,2298513.0,0.2529343971515497,0.1724245196785922,0.27999102028137324,0.12841563219350946,32.9,0.4979359750142948,0.24299287599854005,0.11725305715197253,0.08583268450509797,15.53770491803278
284,2020-03-02,Richmond,0,0,0,0,36085.0,474101.0,0.6166618505339581,0.09260895885054027,0.1834545803531315,0.12661015268898398,32.9,0.2929817835896125,0.3011032073944712,0.07045193167781233,0.07151207091574259,12.333333333333336
285,2020-03-03,Richmond,0,0,0,0,36085.0,474101.0,0.6166618505339581,0.09260895885054027,0.1834545803531315,0.12661015268898398,32.9,0.2929817835896125,0.3011032073944712,0.07045193167781233,0.07151207091574259,12.333333333333336
286,2020-03-04,Richmond,0,0,0,0,36085.0,474101.0,0.6166618505339581,0.09260895885054027,0.1834545803531315,0.12661015268898398,32.9,0.2929817835896125,0.3011032073944712,0.07045193167781233,0.07151207091574259,12.333333333333336
287,2020-03-05,Richmond,0,0,0,0,36085.0,474101.0,0.6166618505339581,0.09260895885054027,0.1834545803531315,0.12661015268898398,32.9,0.2929817835896125,0.3011032073944712,0.07045193167781233,0.07151207091574259,12.333333333333336
288,2020-03-06,Richmond,0,0,3,3,36085.0,474101.0,0.6166618505339581,0.09260895885054027,0.1834545803531315,0.12661015268898398,32.9,0.2929817835896125,0.3011032073944712,0.07045193167781233,0.07151207091574259,12.333333333333336
289,2020-03-07,Richmond,0,0,2,5,36085.0,474101.0,0.6166618505339581,0.09260895885054027,0.1834545803531315,0.12661015268898398,32.9,0.2929817835896125,0.3011032073944712,0.07045193167781233,0.07151207091574259,12.333333333333336
290,2020-03-08,Richmond,0,0,0,5,36085.0,474101.0,0.6166618505339581,0.09260895885054027,0.1834545803531315,0.12661015268898398,32.9,0.2929817835896125,0.3011032073944712,0.07045193167781233,0.07151207091574259,12.333333333333336
291,2020-03-09,Richmond,0,0,6,11,36085.0,474101.0,0.6166618505339581,0.09260895885054027,0.1834545803531315,0.12661015268898398,32.9,0.2929817835896125,0.3011032073944712,0.07045193167781233,0.07151207091574259,12.333333333333336
292,2020-03-10,Richmond,1,1,5,16,36085.0,474101.0,0.6166618505339581,0.09260895885054027,0.1834545803531315,0.12661015268898398,32.9,0.2929817835896125,0.3011032073944712,0.07045193167781233,0.07151207091574259,12.333333333333336
293,2020-03-11,Richmond,1,2,5,21,36085.0,474101.0,0.6166618505339581,0.09260895885054027,0.1834545803531315,0.12661015268898398,32.9,0.2929817835896125,0.3011032073944712,0.07045193167781233,0.07151207091574259,12.333333333333336
294,2020-03-12,Richmond,4,6,16,37,36085.0,474101.0,0.6166618505339581,0.09260895885054027,0.1834545803531315,0.12661015268898398,32.9,0.2929817835896125,0.3011032073944712,0.07045193167781233,0.07151207091574259,12.333333333333336
295,2020-03-13,Richmond,5,11,34,71,36085.0,474101.0,0.6166618505339581,0.09260895885054027,0.1834545803531315,0.12661015268898398,32.9,0.2929817835896125,0.3011032073944712,0.07045193167781233,0.07151207091574259,12.333333333333336
296,2020-03-14,Richmond,3,14,29,100,36085.0,474101.0,0.6166618505339581,0.09260895885054027,0.1834545803531315,0.12661015268898398,32.9,0.2929817835896125,0.3011032073944712,0.07045193167781233,0.07151207091574259,12.333333333333336
297,2020-03-15,Richmond,6,20,27,127,36085.0,474101.0,0.6166618505339581,0.09260895885054027,0.1834545803531315,0.12661015268898398,32.9,0.2929817835896125,0.3011032073944712,0.07045193167781233,0.07151207091574259,12.333333333333336
298,2020-03-16,Richmond,11,31,35,162,36085.0,474101.0,0.6166618505339581,0.09260895885054027,0.1834545803531315,0.12661015268898398,32.9,0.2929817835896125,0.3011032073944712,0.07045193167781233,0.07151207091574259,12.333333333333336
299,2020-03-17,Richmond,26,57,61,223,36085.0,474101.0,0.6166618505339581,0.09260895885054027,0.1834545803531315,0.12661015268898398,32.9,0.2929817835896125,0.3011032073944712,0.07045193167781233,0.07151207091574259,12.333333333333336
300,2020-03-18,Richmond,33,90,110,333,36085.0,474101.0,0.6166618505339581,0.09260895885054027,0.1834545803531315,0.12661015268898398,32.9,0.2929817835896125,0.3011032073944712,0.07045193167781233,0.07151207091574259,12.333333333333336
301,2020-03-19,Richmond,116,206,272,605,36085.0,474101.0,0.6166618505339581,0.09260895885054027,0.1834545803531315,0.12661015268898398,32.9,0.2929817835896125,0.3011032073944712,0.07045193167781233,0.07151207091574259,12.333333333333336
302,2020-03-20,Richmond,109,315,334,939,36085.0,474101.0,0.6166618505339581,0.09260895885054027,0.1834545803531315,0.12661015268898398,32.9,0.2929817835896125,0.3011032073944712,0.07045193167781233,0.07151207091574259,12.333333333333336
303,2020-03-21,Richmond,207,522,645,1584,36085.0,474101.0,0.6166618505339581,0.09260895885054027,0.1834545803531315,0.12661015268898398,32.9,0.2929817835896125,0.3011032073944712,0.07045193167781233,0.07151207091574259,12.333333333333336
304,2020-03-22,Richmond,193,715,417,2001,36085.0,474101.0,0.6166618505339581,0.09260895885054027,0.1834545803531315,0.12661015268898398,32.9,0.2929817835896125,0.3011032073944712,0.07045193167781233,0.07151207091574259,12.333333333333336
305,2020-03-23,Richmond,200,915,487,2488,36085.0,474101.0,0.6166618505339581,0.09260895885054027,0.1834545803531315,0.12661015268898398,32.9,0.2929817835896125,0.3011032073944712,0.07045193167781233,0.07151207091574259,12.333333333333336
306,2020-03-24,Richmond,110,1025,223,2711,36085.0,474101.0,0.6166618505339581,0.09260895885054027,0.1834545803531315,0.12661015268898398,32.9,0.2929817835896125,0.3011032073944712,0.07045193167781233,0.07151207091574259,12.333333333333336
307,2020-03-25,Richmond,164,1189,293,3004,36085.0,474101.0,0.6166618505339581,0.09260895885054027,0.1834545803531315,0.12661015268898398,32.9,0.2929817835896125,0.3011032073944712,0.07045193167781233,0.07151207091574259,12.333333333333336
308,2020-03-26,Richmond,223,1412,413,3417,36085.0,474101.0,0.6166618505339581,0.09260895885054027,0.1834545803531315,0.12661015268898398,32.9,0.2929817835896125,0.3011032073944712,0.07045193167781233,0.07151207091574259,12.333333333333336
309,2020-03-27,Richmond,415,1827,847,4264,36085.0,474101.0,0.6166618505339581,0.09260895885054027,0.1834545803531315,0.12661015268898398,32.9,0.2929817835896125,0.3011032073944712,0.07045193167781233,0.07151207091574259,12.333333333333336
310,2020-03-28,Richmond,402,2229,878,5142,36085.0,474101.0,0.6166618505339581,0.09260895885054027,0.1834545803531315,0.12661015268898398,32.9,0.2929817835896125,0.3011032073944712,0.07045193167781233,0.07151207091574259,12.333333333333336
311,2020-03-29,Richmond,336,2565,711,5853,36085.0,474101.0,0.6166618505339581,0.09260895885054027,0.1834545803531315,0.12661015268898398,32.9,0.2929817835896125,0.3011032073944712,0.07045193167781233,0.07151207091574259,12.333333333333336
312,2020-03-30,Richmond,324,2889,691,6544,36085.0,474101.0,0.6166618505339581,0.09260895885054027,0.1834545803531315,0.12661015268898398,32.9,0.2929817835896125,0.3011032073944712,0.07045193167781233,0.07151207091574259,12.333333333333336
313,2020-03-31,Richmond,299,3188,616,7160,36085.0,474101.0,0.6166618505339581,0.09260895885054027,0.1834545803531315,0.12661015268898398,32.9,0.2929817835896125,0.3011032073944712,0.07045193167781233,0.07151207091574259,12.333333333333336
314,2020-04-01,Richmond,279,3467,559,7719,36085.0,474101.0,0.6166618505339581,0.09260895885054027,0.1834545803531315,0.12661015268898398,32.9,0.2929817835896125,0.3011032073944712,0.07045193167781233,0.07151207091574259,12.333333333333336
315,2020-04-02,Richmond,287,3754,563,8282,36085.0,474101.0,0.6166618505339581,0.09260895885054027,0.1834545803531315,0.12661015268898398,32.9,0.2929817835896125,0.3011032073944712,0.07045193167781233,0.07151207091574259,12.333333333333336
316,2020-04-03,Richmond,319,4073,679,8961,36085.0,474101.0,0.6166618505339581,0.09260895885054027,0.1834545803531315,0.12661015268898398,32.9,0.2929817835896125,0.3011032073944712,0.07045193167781233,0.07151207091574259,12.333333333333336
317,2020-04-04,Richmond,218,4291,513,9474,36085.0,474101.0,0.6166618505339581,0.09260895885054027,0.1834545803531315,0.12661015268898398,32.9,0.2929817835896125,0.3011032073944712,0.07045193167781233,0.07151207091574259,12.333333333333336
318,2020-04-05,Richmond,288,4579,600,10074,36085.0,474101.0,0.6166618505339581,0.09260895885054027,0.1834545803531315,0.12661015268898398,32.9,0.2929817835896125,0.3011032073944712,0.07045193167781233,0.07151207091574259,12.333333333333336
319,2020-04-06,Richmond,218,4797,605,10679,36085.0,474101.0,0.6166618505339581,0.09260895885054027,0.1834545803531315,0.12661015268898398,32.9,0.2929817835896125,0.3011032073944712,0.07045193167781233,0.07151207091574259,12.333333333333336
320,2020-04-07,Richmond,546,5343,1262,11941,36085.0,474101.0,0.6166618505339581,0.09260895885054027,0.1834545803531315,0.12661015268898398,32.9,0.2929817835896125,0.3011032073944712,0.07045193167781233,0.07151207091574259,12.333333333333336
321,2020-04-08,Richmond,641,5984,1528,13469,36085.0,474101.0,0.6166618505339581,0.09260895885054027,0.1834545803531315,0.12661015268898398,32.9,0.2929817835896125,0.3011032073944712,0.07045193167781233,0.07151207091574259,12.333333333333336
322,2020-04-09,Richmond,500,6484,1212,14681,36085.0,474101.0,0.6166618505339581,0.09260895885054027,0.1834545803531315,0.12661015268898398,32.9,0.2929817835896125,0.3011032073944712,0.07045193167781233,0.07151207091574259,12.333333333333336
323,2020-04-10,Richmond,376,6860,807,15488,36085.0,474101.0,0.6166618505339581,0.09260895885054027,0.1834545803531315,0.12661015268898398,32.9,0.2929817835896125,0.3011032073944712,0.07045193167781233,0.07151207091574259,12.333333333333336
324,2020-04-11,Richmond,456,7316,1030,16518,36085.0,474101.0,0.6166618505339581,0.09260895885054027,0.1834545803531315,0.12661015268898398,32.9,0.2929817835896125,0.3011032073944712,0.07045193167781233,0.07151207091574259,12.333333333333336
325,2020-04-12,Richmond,352,7668,887,17405,36085.0,474101.0,0.6166618505339581,0.09260895885054027,0.1834545803531315,0.12661015268898398,32.9,0.2929817835896125,0.3011032073944712,0.07045193167781233,0.07151207091574259,12.333333333333336
326,2020-04-13,Richmond,292,7960,725,18130,36085.0,474101.0,0.6166618505339581,0.09260895885054027,0.1834545803531315,0.12661015268898398,32.9,0.2929817835896125,0.3011032073944712,0.07045193167781233,0.07151207091574259,12.333333333333336
327,2020-04-14,Richmond,338,8298,743,18873,36085.0,474101.0,0.6166618505339581,0.09260895885054027,0.1834545803531315,0.12661015268898398,32.9,0.2929817835896125,0.3011032073944712,0.07045193167781233,0.07151207091574259,12.333333333333336
328,2020-04-15,Richmond,386,8684,1184,20057,36085.0,474101.0,0.6166618505339581,0.09260895885054027,0.1834545803531315,0.12661015268898398,32.9,0.2929817835896125,0.3011032073944712,0.07045193167781233,0.07151207091574259,12.333333333333336
329,2020-04-16,Richmond,347,9031,1084,21141,36085.0,474101.0,0.6166618505339581,0.09260895885054027,0.1834545803531315,0.12661015268898398,32.9,0.2929817835896125,0.3011032073944712,0.07045193167781233,0.07151207091574259,12.333333333333336
330,2020-04-17,Richmond,302,9333,1106,22247,36085.0,474101.0,0.6166618505339581,0.09260895885054027,0.1834545803531315,0.12661015268898398,32.9,0.2929817835896125,0.3011032073944712,0.07045193167781233,0.07151207091574259,12.333333333333336
331,2020-04-18,Richmond,341,9674,1288,23535,36085.0,474101.0,0.6166618505339581,0.09260895885054027,0.1834545803531315,0.12661015268898398,32.9,0.2929817835896125,0.3011032073944712,0.07045193167781233,0.07151207091574259,12.333333333333336
332,2020-04-19,Richmond,239,9913,874,24409,36085.0,474101.0,0.6166618505339581,0.09260895885054027,0.1834545803531315,0.12661015268898398,32.9,0.2929817835896125,0.3011032073944712,0.07045193167781233,0.07151207091574259,12.333333333333336
333,2020-04-20,Richmond,208,10121,882,25291,36085.0,474101.0,0.6166618505339581,0.09260895885054027,0.1834545803531315,0.12661015268898398,32.9,0.2929817835896125,0.3011032073944712,0.07045193167781233,0.07151207091574259,12.333333333333336
334,2020-04-21,Richmond,224,10345,998,26289,36085.0,474101.0,0.6166618505339581,0.09260895885054027,0.1834545803531315,0.12661015268898398,32.9,0.2929817835896125,0.3011032073944712,0.07045193167781233,0.07151207091574259,12.333333333333336
335,2020-04-22,Richmond,245,10590,1031,27320,36085.0,474101.0,0.6166618505339581,0.09260895885054027,0.1834545803531315,0.12661015268898398,32.9,0.2929817835896125,0.3011032073944712,0.07045193167781233,0.07151207091574259,12.333333333333336
336,2020-04-23,Richmond,293,10883,1272,28592,36085.0,474101.0,0.6166618505339581,0.09260895885054027,0.1834545803531315,0.12661015268898398,32.9,0.2929817835896125,0.3011032073944712,0.07045193167781233,0.07151207091574259,12.333333333333336
337,2020-04-24,Richmond,246,11129,1011,29603,36085.0,474101.0,0.6166618505339581,0.09260895885054027,0.1834545803531315,0.12661015268898398,32.9,0.2929817835896125,0.3011032073944712,0.07045193167781233,0.07151207091574259,12.333333333333336
338,2020-04-25,Richmond,154,11283,882,30485,36085.0,474101.0,0.6166618505339581,0.09260895885054027,0.1834545803531315,0.12661015268898398,32.9,0.2929817835896125,0.3011032073944712,0.07045193167781233,0.07151207091574259,12.333333333333336
339,2020-04-26,Richmond,140,11423,658,31143,36085.0,474101.0,0.6166618505339581,0.09260895885054027,0.1834545803531315,0.12661015268898398,32.9,0.2929817835896125,0.3011032073944712,0.07045193167781233,0.07151207091574259,12.333333333333336
340,2020-04-27,Richmond,93,11516,567,31710,36085.0,474101.0,0.6166618505339581,0.09260895885054027,0.1834545803531315,0.12661015268898398,32.9,0.2929817835896125,0.3011032073944712,0.07045193167781233,0.07151207091574259,12.333333333333336
341,2020-04-28,Richmond,144,11660,935,32645,36085.0,474101.0,0.6166618505339581,0.09260895885054027,0.1834545803531315,0.12661015268898398,32.9,0.2929817835896125,0.3011032073944712,0.07045193167781233,0.07151207091574259,12.333333333333336
342,2020-04-29,Richmond,151,11811,841,33486,36085.0,474101.0,0.6166618505339581,0.09260895885054027,0.1834545803531315,0.12661015268898398,32.9,0.2929817835896125,0.3011032073944712,0.07045193167781233,0.07151207091574259,12.333333333333336
343,2020-04-30,Richmond,126,11937,849,34335,36085.0,474101.0,0.6166618505339581,0.09260895885054027,0.1834545803531315,0.12661015268898398,32.9,0.2929817835896125,0.3011032073944712,0.07045193167781233,0.07151207091574259,12.333333333333336
344,2020-05-01,Richmond,157,12094,918,35253,36085.0,474101.0,0.6166618505339581,0.09260895885054027,0.1834545803531315,0.12661015268898398,32.9,0.2929817835896125,0.3011032073944712,0.07045193167781233,0.07151207091574259,12.333333333333336
345,2020-05-02,Richmond,101,12195,729,35982,36085.0,474101.0,0.6166618505339581,0.09260895885054027,0.1834545803531315,0.12661015268898398,32.9,0.2929817835896125,0.3011032073944712,0.07045193167781233,0.07151207091574259,12.333333333333336
346,2020-05-03,Richmond,60,12255,549,36531,36085.0,474101.0,0.6166618505339581,0.09260895885054027,0.1834545803531315,0.12661015268898398,32.9,0.2929817835896125,0.3011032073944712,0.07045193167781233,0.07151207091574259,12.333333333333336
347,2020-05-04,Richmond,62,12317,573,37104,36085.0,474101.0,0.6166618505339581,0.09260895885054027,0.1834545803531315,0.12661015268898398,32.9,0.2929817835896125,0.3011032073944712,0.07045193167781233,0.07151207091574259,12.333333333333336
348,2020-05-05,Richmond,84,12401,702,37806,36085.0,474101.0,0.6166618505339581,0.09260895885054027,0.1834545803531315,0.12661015268898398,32.9,0.2929817835896125,0.3011032073944712,0.07045193167781233,0.07151207091574259,12.333333333333336
349,2020-05-06,Richmond,105,12506,828,38634,36085.0,474101.0,0.6166618505339581,0.09260895885054027,0.1834545803531315,0.12661015268898398,32.9,0.2929817835896125,0.3011032073944712,0.07045193167781233,0.07151207091574259,12.333333333333336
350,2020-05-07,Richmond,72,12578,672,39306,36085.0,474101.0,0.6166618505339581,0.09260895885054027,0.1834545803531315,0.12661015268898398,32.9,0.2929817835896125,0.3011032073944712,0.07045193167781233,0.07151207091574259,12.333333333333336
351,2020-05-08,Richmond,72,12650,832,40138,36085.0,474101.0,0.6166618505339581,0.09260895885054027,0.1834545803531315,0.12661015268898398,32.9,0.2929817835896125,0.3011032073944712,0.07045193167781233,0.07151207091574259,12.333333333333336
352,2020-05-09,Richmond,52,12702,717,40855,36085.0,474101.0,0.6166618505339581,0.09260895885054027,0.1834545803531315,0.12661015268898398,32.9,0.2929817835896125,0.3011032073944712,0.07045193167781233,0.07151207091574259,12.333333333333336
353,2020-05-10,Richmond,45,12747,493,41348,36085.0,474101.0,0.6166618505339581,0.09260895885054027,0.1834545803531315,0.12661015268898398,32.9,0.2929817835896125,0.3011032073944712,0.07045193167781233,0.07151207091574259,12.333333333333336
354,2020-05-11,Richmond,22,12769,517,41865,36085.0,474101.0,0.6166618505339581,0.09260895885054027,0.1834545803531315,0.12661015268898398,32.9,0.2929817835896125,0.3011032073944712,0.07045193167781233,0.07151207091574259,12.333333333333336
