﻿Zip code,Area,Cases,"Rate(Per 100,000)",
90007,Los Angeles - Adams-Normandie,33,402.34,
90066,Los Angeles - Alsace,37,297.31,
93510,Los Angeles - Angeles National Forest,0,0,
90026,Los Angeles - Angelino Heights,11,439.65,
91331,Los Angeles - Arleta,177,514.98,
90039,Los Angeles - Atwater Village,38,259.1,
90008,Los Angeles - Baldwin Hills*,99,318.07,
90077,Los Angeles - Bel Air,32,379.64,
90210,Los Angeles - Beverly Crest,35,279.44,
"90034, 90035",Los Angeles - Beverlywood,34,258.1,
"90023, 90063, 90033",Los Angeles - Boyle Heights*,349,401.69,
90049,Los Angeles - Brentwood,70,226.13,
90034,Los Angeles - Cadillac-Corning,25,351.07,
"91303, 91304, 91306, 91307",Los Angeles - Canoga Park,396,606.53,
90048,Los Angeles - Carthay,71,494.33,
"90012, 90013**",Los Angeles - Central,211,541.14,
90067,Los Angeles - Century City,33,257.97,
90304,Los Angeles - Century Palms/Cove,137,405.73,
91311,Los Angeles - Chatsworth*,136,366.96,
90064,Los Angeles - Cheviot Hills,18,196.27,
90012,Los Angeles - Chinatown,12,149.61,
"90019, 90036",Los Angeles - Cloverdale/Cochran,46,316.09,
90019,Los Angeles - Country Club Park,79,521.35,
90008,Los Angeles - Crenshaw District,60,433.87,
"90034, 90035",Los Angeles - Crestview,77,677.34,
90293,Los Angeles - Del Rey,59,197.09,
"90012, 90017, 90015, 90021, 90014",Los Angeles - Downtown,95,345.37,*90014 is middle/ only zip code fully in the district
90041,Los Angeles - Eagle Rock,139,351.11,
90029,Los Angeles - East Hollywood*,175,597.53,
90026,Los Angeles - Echo Park,34,238.5,
90032,Los Angeles - El Sereno*,124,296.59,
90026,Los Angeles - Elysian Park,12,210.08,
90039,Los Angeles - Elysian Valley,34,334.28,
"91316, 91436",Los Angeles - Encino*,106,234.66,
90007,Los Angeles - Exposition,6,180.4,
"90007, 90018, 90037, 90062",Los Angeles - Exposition Park,188,418.55,
90035,Los Angeles - Faircrest Heights,4,111.11,
90042,Los Angeles - Figueroa Park Square,25,286.66,
90001,Los Angeles - Florence-Firestone,220,463.69,
90065,Los Angeles - Glassell Park*,144,455.64,
90019,Los Angeles - Gramercy Place,44,408.77,
91394,Los Angeles - Granada Hills*,183,314.48,
90061,Los Angeles - Green Meadows*,98,455.71,
"90004, 90005, 90020",Los Angeles - Hancock Park,72,422.56,
90710,Los Angeles - Harbor City,58,199.52,
"90061, 90247, 90248, 90501, 90502",Los Angeles - Harbor Gateway,90,206.42,
90710,Los Angeles - Harbor Pines,6,249.07,
90006,Los Angeles - Harvard Heights,91,504.57,
90061,Los Angeles - Harvard Park,190,500.86,
90042,Los Angeles - Highland Park,128,264.51,
90026,Los Angeles - Historic Filipinotown*,88,634.46,
"90072, 90078, 90093",Los Angeles - Hollywood,224,328.19,
"90038, 90046, 90048 90069",Los Angeles - Hollywood Hills*,74,251.41,
90043,Los Angeles - Hyde Park,99,346.87,
90018,Los Angeles - Jefferson Park,28,346.84,
90006,Los Angeles - Koreatown,201,388.83,
90019,Los Angeles - Lafayette Square,15,329.02,
91406,Los Angeles - Lake Balboa,139,329.34,
91342,Los Angeles - Lakeview Terrace,74,563.47,
"90008, 90018",Los Angeles - Leimert Park,43,282.24,
90031,Los Angeles - Lincoln Heights,164,503.11,
"90027, 90029",Los Angeles - Little Armenia,164,2043.61,
90020,Los Angeles - Little Bangladesh,97,342.24,
90012,Los Angeles - Little Tokyo*,10,319.18,
90019,Los Angeles - Longwood,17,394.98,
90027,Los Angeles - Los Feliz,43,199,
90047,Los Angeles - Manchester Square,18,210.87,
90049,Los Angeles - Mandeville Canyon,1,32.01,
90066,Los Angeles - Mar Vista,65,153.05,
90292,Los Angeles - Marina Peninsula,9,206.42,
"90036, 90046, 90069",Los Angeles - Melrose,429,552.15,
90019,Los Angeles - Mid-city,44,292.75,
90036,Los Angeles - Miracle Mile,38,211.29,
"91340, 91345",Los Angeles - Mission Hills,102,422.82,
90065,Los Angeles - Mt. Washington,66,273.35,
91343,Los Angeles - North Hills*,281,456.35,
"91601, 91602, 91605, 91606, 91607",Los Angeles - North Hollywood*,517,341.43,
"91324, 91325, 91326",Los Angeles - Northridge,225,322.36,
90272,Los Angeles - Pacific Palisades,40,187.87,
91331,Los Angeles - Pacoima*,456,592.37,
90272,Los Angeles - Palisades Highlands,3,78,
90034,Los Angeles - Palms*,163,371.49,
91412,Los Angeles - Panorama City,489,649.83,
90036,Los Angeles - Park La Brea,13,95.73,
90015,Los Angeles - Pico-Union,396,946.42,
90293,Los Angeles - Playa Del Rey,2,62.58,
90094,Los Angeles - Playa Vista,20,182.7,
91326,Los Angeles - Porter Ranch,66,185.46,
90064,Los Angeles - Rancho Park,12,182.93,
90301,Los Angeles - Regent Square,3,107.91,
91335,Los Angeles - Reseda,346,451.6,
91335,Los Angeles - Reseda Ranch,24,517.69,
90034,Los Angeles - Reynier Village,9,212.87,
"90731, 90732",Los Angeles - San Pedro*,764,979.01,
91040,Los Angeles - Shadow Hills,9,202.61,
"91403, 91423",Los Angeles - Sherman Oaks*,188,215.46,
"90026, 90039",Los Angeles - Silverlake,150,340.27,
90035,Los Angeles - South Carthay,27,254.84,
"90015, 90017",Los Angeles - South Park,188,495.25,
90019,Los Angeles - St Elmo Village,31,676.27,
"91602, 91604",Los Angeles - Studio City,65,289.66,
91352,Los Angeles - Sun Valley,207,394.41,
91040,Los Angeles - Sunland,113,553.7,
90010,Los Angeles - Sycamore Square,1,154.56,
"91340, 91342",Los Angeles - Sylmar*,541,656.57,
91356,Los Angeles - Tarzana,96,310.92,
90026,Los Angeles - Temple-Beaudry,219,554.68,
90027,Los Angeles - Thai Town,24,244.67,
91602,Los Angeles - Toluca Lake,15,172.33,
91601,Los Angeles - Toluca Terrace,3,229.71,
"91505, 91602",Los Angeles - Toluca Woods,3,161.46,
91042,Los Angeles - Tujunga,94,338.01,
90032,Los Angeles - University Hills,8,233.3,
90007,Los Angeles - University Park,116,422.49,
"91401, 91405, 91606, 91607",Los Angeles - Valley Glen*,103,343.15,
91607,Los Angeles - Valley Village,173,699.84,
"91401, 91405, 91406, 91411",Los Angeles - Van Nuys,489,524.71,
90291,Los Angeles - Venice,57,168.22,
90044,Los Angeles - Vermont Knolls,90,523.26,
90037,Los Angeles - Vermont Square,65,848.9,
"90044, 90061",Los Angeles - Vermont Vista,190,461.32,
90058,Los Angeles - Vernon Central,335,644.26,
90019,Los Angeles - Victoria Park,44,523.87,
90043,Los Angeles - View Heights,8,216.57,
"90002, 90059",Los Angeles - Watts,152,356.19,
90016,Los Angeles - Wellington Square,16,325.53,
90016,Los Angeles - West Adams,156,564.6,
"91304, 91307",Los Angeles - West Hills*,80,197.31,
90025,Los Angeles - West Los Angeles,64,170.05,
90062,Los Angeles - West Vernon*,299,557.38,
90045,Los Angeles - Westchester,81,156.97,
90057,Los Angeles - Westlake*,439,739.62,
90057,Los Angeles - Westwood,58,107.19,
90013,Los Angeles - Wholesale District*,292,808.22,
90744,Los Angeles - Wilmington,135,238.99,
"90004, 90005, 90010, 90020",Los Angeles - Wilshire Center,163,324.9,
91306,Los Angeles - Winnetka*,219,422.89,
"91302, 91303, 91364, 91367",Los Angeles - Woodland Hills,134,196.9,